Sentence Index,Sentence,Incorrect Sentence
0,মই স্কুললৈ গলো।,তুমি স্কুললৈ গলো।
0,মই স্কুললৈ গলো।,আপুনি স্কুললৈ গলো।
0,মই স্কুললৈ গলো।,তোমাৰ স্কুললৈ গলো।
1,তেওঁ কিতাপ পঢ়ি থাকে।,তোৰ কিতাপৰ পৰা পঢ়ি থাকে থাকে।
1,তেওঁ কিতাপ পঢ়ি থাকে।,আপুনি কিতাপৰ পৰা পঢ়ি যাব থাকে।
1,তেওঁ কিতাপ পঢ়ি থাকে।,তেওঁলোকে কিতাপটি পঢ়িল থাকে।
1,তেওঁ কিতাপ পঢ়ি থাকে।,তেওঁলোকে কিতাপবোৰ পঢ়িছিল থাকে।
2,মই খেলিবলৈ পাৰোঁ।,তেওঁলোকে খেলিবলৈ পাৰোঁ।
2,মই খেলিবলৈ পাৰোঁ।,তুমি খেলিবলৈ পাৰোঁ।
2,মই খেলিবলৈ পাৰোঁ।,তোমাৰ খেলিবলৈ পাৰোঁ।
3,তুমি ক’ত গৈছিলা?,তোমাৰ ক’ত গৈছিলা?
3,তুমি ক’ত গৈছিলা?,তেওঁলোকে ক’ত গৈছিলা?
4,আজিৰ দিনটো ধুনীয়া।,আজিৰ দিনটো ধুনীয়া।
5,তুমি কি বিদ্যালয়লৈ যাও?,মই কি বিদ্যালয়লৈ যাও?
5,তুমি কি বিদ্যালয়লৈ যাও?,আপুনি কি বিদ্যালয়লৈ যাও?
5,তুমি কি বিদ্যালয়লৈ যাও?,তোমাৰ কি বিদ্যালয়লৈ যাও?
5,তুমি কি বিদ্যালয়লৈ যাও?,তেওঁ কি বিদ্যালয়লৈ যাও?
6,শিলাদিত্য এটা ভাল মানুহ।,শিলাদিত্য এটা ভাল মানুহ।
7,তেওঁ খোৱা ধনিয়া পানীত।,তোৰ খোৱা ধনিয়া পানীত।
7,তেওঁ খোৱা ধনিয়া পানীত।,তেওঁলোকে খোৱা ধনিয়া পানীত।
8,তেওঁ খোৱা ধনিয়া পানীত।,আপুনি খোৱা ধনিয়া পানীত।
8,তেওঁ খোৱা ধনিয়া পানীত।,তেওঁলোকে খোৱা ধনিয়া পানীত।
8,তেওঁ খোৱা ধনিয়া পানীত।,তোৰ খোৱা ধনিয়া পানীত।
9,তুমি কি বিদ্যালয়লৈ যাও?,আপুনি কি বিদ্যালয়লৈ যাও?
9,তুমি কি বিদ্যালয়লৈ যাও?,তোমাৰ কি বিদ্যালয়লৈ যাও?
9,তুমি কি বিদ্যালয়লৈ যাও?,তেওঁলোকে কি বিদ্যালয়লৈ যাও?
10,তেওঁ খোৱা ধনিয়া পানীত।,আপুনি খোৱা ধনিয়া পানীত।
10,তেওঁ খোৱা ধনিয়া পানীত।,তুমি খোৱা ধনিয়া পানীত।
10,তেওঁ খোৱা ধনিয়া পানীত।,মই খোৱা ধনিয়া পানীত।
11,তেওঁবোৰ বাগিছাত ফুল লাগিছে।,তেওঁবোৰ বাগিছাত ফুল লাগিছে।
12,মৌচাকৰ মাজত মৌ থাকে।,মৌচাকৰ মাজত মৌ থাকে।
13,তুমি কি বিদ্যালয়লৈ যাও?,আপুনি কি বিদ্যালয়লৈ যাও?
13,তুমি কি বিদ্যালয়লৈ যাও?,তোমাৰ কি বিদ্যালয়লৈ যাও?
13,তুমি কি বিদ্যালয়লৈ যাও?,মই কি বিদ্যালয়লৈ যাও?
14,তুমি কি বিদ্যালয়লৈ যাও?,তেওঁ কি বিদ্যালয়লৈ যাও?
14,তুমি কি বিদ্যালয়লৈ যাও?,আপুনি কি বিদ্যালয়লৈ যাও?
14,তুমি কি বিদ্যালয়লৈ যাও?,তোমাৰ কি বিদ্যালয়লৈ যাও?
14,তুমি কি বিদ্যালয়লৈ যাও?,মই কি বিদ্যালয়লৈ যাও?
15,তুমি কি বিদ্যালয়লৈ যাও?,মই কি বিদ্যালয়লৈ যাও?
15,তুমি কি বিদ্যালয়লৈ যাও?,তেওঁ কি বিদ্যালয়লৈ যাও?
15,তুমি কি বিদ্যালয়লৈ যাও?,আপুনি কি বিদ্যালয়লৈ যাও?
16,তেওঁ খোৱা ধনিয়া পানীত।,তেওঁলোকে খোৱা ধনিয়া পানীত।
16,তেওঁ খোৱা ধনিয়া পানীত।,তুমি খোৱা ধনিয়া পানীত।
16,তেওঁ খোৱা ধনিয়া পানীত।,আপুনি খোৱা ধনিয়া পানীত।
17,আজিৰ দিনটো সুন্দৰ।,আজিৰ দিনটো সুন্দৰ।
18,আমাৰ ঘৰখন বৰ ডাঙৰ।,আমাৰ ঘৰখন বৰ ডাঙৰ।
19,তেওঁবোৰ বাগিছাত ফুল লাগিছে।,তেওঁবোৰ বাগিছাত ফুল লাগিছে।
20,তেওঁ খোৱা ধনিয়া পানীত।,মই খোৱা ধনিয়া পানীত।
20,তেওঁ খোৱা ধনিয়া পানীত।,তেওঁলোকে খোৱা ধনিয়া পানীত।
20,তেওঁ খোৱা ধনিয়া পানীত।,তোৰ খোৱা ধনিয়া পানীত।
21,তুমি কি বিদ্যালয়লৈ যাও?,আপুনি কি বিদ্যালয়লৈ যাও?
21,তুমি কি বিদ্যালয়লৈ যাও?,তেওঁলোকে কি বিদ্যালয়লৈ যাও?
21,তুমি কি বিদ্যালয়লৈ যাও?,মই কি বিদ্যালয়লৈ যাও?
22,শিলাদিত্য এটা ভাল মানুহ।,শিলাদিত্য এটা ভাল মানুহ।
23,শিলাদিত্য এটা ভাল মানুহ।,শিলাদিত্য এটা ভাল মানুহ।
24,তেওঁ খোৱা ধনিয়া পানীত।,তোৰ খোৱা ধনিয়া পানীত।
24,তেওঁ খোৱা ধনিয়া পানীত।,তেওঁলোকে খোৱা ধনিয়া পানীত।
25,আমাৰ ঘৰখন বৰ ডাঙৰ।,আমাৰ ঘৰখন বৰ ডাঙৰ।
26,বাপেকৰ নাম ৰমেশ।,বাপেকৰ নাম ৰমেশ।
27,আমাৰ ঘৰখন বৰ ডাঙৰ।,আমাৰ ঘৰখন বৰ ডাঙৰ।
28,বাপেকৰ নাম ৰমেশ।,বাপেকৰ নাম ৰমেশ।
29,তেওঁবোৰ বাগিছাত ফুল লাগিছে।,তেওঁবোৰ বাগিছাত ফুল লাগিছে।
30,শিলাদিত্য এটা ভাল মানুহ।,শিলাদিত্য এটা ভাল মানুহ।
31,মই বিয়লি চাহ খাব।,তেওঁ বিয়লি চাহ খাব।
31,মই বিয়লি চাহ খাব।,তোমাৰ বিয়লি চাহ খাব।
31,মই বিয়লি চাহ খাব।,তুমি বিয়লি চাহ খাব।
32,তুমি কি বিদ্যালয়লৈ যাও?,তোমাৰ কি বিদ্যালয়লৈ যাও?
32,তুমি কি বিদ্যালয়লৈ যাও?,মই কি বিদ্যালয়লৈ যাও?
33,ৰমা আৰু শ্যাম বিদ্যালয়লৈ গৈছিল।,ৰমা আৰু শ্যাম বিদ্যালয়লৈ গৈছিল।
34,তেওঁ খোৱা ধনিয়া পানীত।,মই খোৱা ধনিয়া পানীত।
34,তেওঁ খোৱা ধনিয়া পানীত।,তেওঁলোকে খোৱা ধনিয়া পানীত।
35,আজিৰ দিনটো সুন্দৰ।,আজিৰ দিনটো সুন্দৰ।
36,শিলাদিত্য এটা ভাল মানুহ।,শিলাদিত্য এটা ভাল মানুহ।
37,আজিৰ দিনটো সুন্দৰ।,আজিৰ দিনটো সুন্দৰ।
38,তেওঁ খোৱা ধনিয়া পানীত।,তোৰ খোৱা ধনিয়া পানীত।
38,তেওঁ খোৱা ধনিয়া পানীত।,তেওঁলোকে খোৱা ধনিয়া পানীত।
39,বাপেকৰ নাম ৰমেশ।,বাপেকৰ নাম ৰমেশ।
40,মই বিয়লি চাহ খাব।,তোমাৰ বিয়লি চাহ খাব।
40,মই বিয়লি চাহ খাব।,তেওঁলোকে বিয়লি চাহ খাব।
40,মই বিয়লি চাহ খাব।,তুমি বিয়লি চাহ খাব।
41,ৰমা আৰু শ্যাম বিদ্যালয়লৈ গৈছিল।,ৰমা আৰু শ্যাম বিদ্যালয়লৈ গৈছিল।
42,মই বিয়লি চাহ খাব।,আপুনি বিয়লি চাহ খাব।
42,মই বিয়লি চাহ খাব।,তোমাৰ বিয়লি চাহ খাব।
42,মই বিয়লি চাহ খাব।,তেওঁলোকে বিয়লি চাহ খাব।
43,তুমি কি বিদ্যালয়লৈ যাও?,আপুনি কি বিদ্যালয়লৈ যাও?
43,তুমি কি বিদ্যালয়লৈ যাও?,তোমাৰ কি বিদ্যালয়লৈ যাও?
43,তুমি কি বিদ্যালয়লৈ যাও?,মই কি বিদ্যালয়লৈ যাও?
44,বাপেকৰ নাম ৰমেশ।,বাপেকৰ নাম ৰমেশ।
45,ৰমা আৰু শ্যাম বিদ্যালয়লৈ গৈছিল।,ৰমা আৰু শ্যাম বিদ্যালয়লৈ গৈছিল।
46,তেওঁবোৰ বাগিছাত ফুল লাগিছে।,তেওঁবোৰ বাগিছাত ফুল লাগিছে।
47,তেওঁ খোৱা ধনিয়া পানীত।,মই খোৱা ধনিয়া পানীত।
47,তেওঁ খোৱা ধনিয়া পানীত।,তুমি খোৱা ধনিয়া পানীত।
47,তেওঁ খোৱা ধনিয়া পানীত।,তোৰ খোৱা ধনিয়া পানীত।
47,তেওঁ খোৱা ধনিয়া পানীত।,আপুনি খোৱা ধনিয়া পানীত।
48,তেওঁ খোৱা ধনিয়া পানীত।,তেওঁলোকে খোৱা ধনিয়া পানীত।
48,তেওঁ খোৱা ধনিয়া পানীত।,মই খোৱা ধনিয়া পানীত।
48,তেওঁ খোৱা ধনিয়া পানীত।,আপুনি খোৱা ধনিয়া পানীত।
48,তেওঁ খোৱা ধনিয়া পানীত।,তুমি খোৱা ধনিয়া পানীত।
49,আজিৰ দিনটো সুন্দৰ।,আজিৰ দিনটো সুন্দৰ।
50,তেওঁ খোৱা ধনিয়া পানীত।,তোৰ খোৱা ধনিয়া পানীত।
50,তেওঁ খোৱা ধনিয়া পানীত।,আপুনি খোৱা ধনিয়া পানীত।
50,তেওঁ খোৱা ধনিয়া পানীত।,তুমি খোৱা ধনিয়া পানীত।
51,মই বিয়লি চাহ খাব।,আপুনি বিয়লি চাহ খাব।
51,মই বিয়লি চাহ খাব।,তুমি বিয়লি চাহ খাব।
51,মই বিয়লি চাহ খাব।,তোমাৰ বিয়লি চাহ খাব।
51,মই বিয়লি চাহ খাব।,তেওঁ বিয়লি চাহ খাব।
52,আমাৰ ঘৰখন বৰ ডাঙৰ।,আমাৰ ঘৰখন বৰ ডাঙৰ।
53,ৰমা আৰু শ্যাম বিদ্যালয়লৈ গৈছিল।,ৰমা আৰু শ্যাম বিদ্যালয়লৈ গৈছিল।
54,আমাৰ ঘৰখন বৰ ডাঙৰ।,আমাৰ ঘৰখন বৰ ডাঙৰ।
55,ৰমা আৰু শ্যাম বিদ্যালয়লৈ গৈছিল।,ৰমা আৰু শ্যাম বিদ্যালয়লৈ গৈছিল।
56,বাপেকৰ নাম ৰমেশ।,বাপেকৰ নাম ৰমেশ।
57,মই বিয়লি চাহ খাব।,তোমাৰ বিয়লি চাহ খাব।
57,মই বিয়লি চাহ খাব।,তেওঁ বিয়লি চাহ খাব।
57,মই বিয়লি চাহ খাব।,আপুনি বিয়লি চাহ খাব।
58,ৰমা আৰু শ্যাম বিদ্যালয়লৈ গৈছিল।,ৰমা আৰু শ্যাম বিদ্যালয়লৈ গৈছিল।
59,তেওঁ খোৱা ধনিয়া পানীত।,তেওঁলোকে খোৱা ধনিয়া পানীত।
59,তেওঁ খোৱা ধনিয়া পানীত।,মই খোৱা ধনিয়া পানীত।
59,তেওঁ খোৱা ধনিয়া পানীত।,তুমি খোৱা ধনিয়া পানীত।
60,আজিৰ দিনটো সুন্দৰ।,আজিৰ দিনটো সুন্দৰ।
61,তেওঁ খোৱা ধনিয়া পানীত।,মই খোৱা ধনিয়া পানীত।
61,তেওঁ খোৱা ধনিয়া পানীত।,তোৰ খোৱা ধনিয়া পানীত।
61,তেওঁ খোৱা ধনিয়া পানীত।,তেওঁলোকে খোৱা ধনিয়া পানীত।
62,বাপেকৰ নাম ৰমেশ।,বাপেকৰ নাম ৰমেশ।
63,মই বিয়লি চাহ খাব।,আপুনি বিয়লি চাহ খাব।
63,মই বিয়লি চাহ খাব।,তেওঁলোকে বিয়লি চাহ খাব।
63,মই বিয়লি চাহ খাব।,তেওঁ বিয়লি চাহ খাব।
64,শিলাদিত্য এটা ভাল মানুহ।,শিলাদিত্য এটা ভাল মানুহ।
65,তেওঁবোৰ বাগিছাত ফুল লাগিছে।,তেওঁবোৰ বাগিছাত ফুল লাগিছে।
66,শিলাদিত্য এটা ভাল মানুহ।,শিলাদিত্য এটা ভাল মানুহ।
67,মৌচাকৰ মাজত মৌ থাকে।,মৌচাকৰ মাজত মৌ থাকে।
68,আজিৰ দিনটো সুন্দৰ।,আজিৰ দিনটো সুন্দৰ।
69,ৰমা আৰু শ্যাম বিদ্যালয়লৈ গৈছিল।,ৰমা আৰু শ্যাম বিদ্যালয়লৈ গৈছিল।
70,তেওঁবোৰ বাগিছাত ফুল লাগিছে।,তেওঁবোৰ বাগিছাত ফুল লাগিছে।
71,আজিৰ দিনটো সুন্দৰ।,আজিৰ দিনটো সুন্দৰ।
72,শিলাদিত্য এটা ভাল মানুহ।,শিলাদিত্য এটা ভাল মানুহ।
73,বাপেকৰ নাম ৰমেশ।,বাপেকৰ নাম ৰমেশ।
74,বাপেকৰ নাম ৰমেশ।,বাপেকৰ নাম ৰমেশ।
75,তেওঁবোৰ বাগিছাত ফুল লাগিছে।,তেওঁবোৰ বাগিছাত ফুল লাগিছে।
76,ৰমা আৰু শ্যাম বিদ্যালয়লৈ গৈছিল।,ৰমা আৰু শ্যাম বিদ্যালয়লৈ গৈছিল।
77,মই বিয়লি চাহ খাব।,তেওঁলোকে বিয়লি চাহ খাব।
77,মই বিয়লি চাহ খাব।,তুমি বিয়লি চাহ খাব।
77,মই বিয়লি চাহ খাব।,আপুনি বিয়লি চাহ খাব।
78,তেওঁ খোৱা ধনিয়া পানীত।,তুমি খোৱা ধনিয়া পানীত।
78,তেওঁ খোৱা ধনিয়া পানীত।,মই খোৱা ধনিয়া পানীত।
78,তেওঁ খোৱা ধনিয়া পানীত।,তেওঁলোকে খোৱা ধনিয়া পানীত।
78,তেওঁ খোৱা ধনিয়া পানীত।,তোৰ খোৱা ধনিয়া পানীত।
79,আমাৰ ঘৰখন বৰ ডাঙৰ।,আমাৰ ঘৰখন বৰ ডাঙৰ।
80,মই বিয়লি চাহ খাব।,তুমি বিয়লি চাহ খাব।
80,মই বিয়লি চাহ খাব।,আপুনি বিয়লি চাহ খাব।
81,মৌচাকৰ মাজত মৌ থাকে।,মৌচাকৰ মাজত মৌ থাকে।
82,তুমি কি বিদ্যালয়লৈ যাও?,তেওঁ কি বিদ্যালয়লৈ যাও?
82,তুমি কি বিদ্যালয়লৈ যাও?,মই কি বিদ্যালয়লৈ যাও?
83,মৌচাকৰ মাজত মৌ থাকে।,মৌচাকৰ মাজত মৌ থাকে।
84,শিলাদিত্য এটা ভাল মানুহ।,শিলাদিত্য এটা ভাল মানুহ।
85,আজিৰ দিনটো সুন্দৰ।,আজিৰ দিনটো সুন্দৰ।
86,শিলাদিত্য এটা ভাল মানুহ।,শিলাদিত্য এটা ভাল মানুহ।
87,মৌচাকৰ মাজত মৌ থাকে।,মৌচাকৰ মাজত মৌ থাকে।
88,বাপেকৰ নাম ৰমেশ।,বাপেকৰ নাম ৰমেশ।
89,মই বিয়লি চাহ খাব।,আপুনি বিয়লি চাহ খাব।
89,মই বিয়লি চাহ খাব।,তেওঁলোকে বিয়লি চাহ খাব।
89,মই বিয়লি চাহ খাব।,তোমাৰ বিয়লি চাহ খাব।
90,তুমি কি বিদ্যালয়লৈ যাও?,মই কি বিদ্যালয়লৈ যাও?
90,তুমি কি বিদ্যালয়লৈ যাও?,তেওঁলোকে কি বিদ্যালয়লৈ যাও?
90,তুমি কি বিদ্যালয়লৈ যাও?,তোমাৰ কি বিদ্যালয়লৈ যাও?
91,আমাৰ ঘৰখন বৰ ডাঙৰ।,আমাৰ ঘৰখন বৰ ডাঙৰ।
92,তেওঁবোৰ বাগিছাত ফুল লাগিছে।,তেওঁবোৰ বাগিছাত ফুল লাগিছে।
93,আমাৰ ঘৰখন বৰ ডাঙৰ।,আমাৰ ঘৰখন বৰ ডাঙৰ।
94,শিলাদিত্য এটা ভাল মানুহ।,শিলাদিত্য এটা ভাল মানুহ।
95,মৌচাকৰ মাজত মৌ থাকে।,মৌচাকৰ মাজত মৌ থাকে।
96,তেওঁবোৰ বাগিছাত ফুল লাগিছে।,তেওঁবোৰ বাগিছাত ফুল লাগিছে।
97,বাপেকৰ নাম ৰমেশ।,বাপেকৰ নাম ৰমেশ।
98,আজিৰ দিনটো সুন্দৰ।,আজিৰ দিনটো সুন্দৰ।
99,মৌচাকৰ মাজত মৌ থাকে।,মৌচাকৰ মাজত মৌ থাকে।
100,আজিৰ দিনটো সুন্দৰ।,আজিৰ দিনটো সুন্দৰ।
101,বাপেকৰ নাম ৰমেশ।,বাপেকৰ নাম ৰমেশ।
102,বাপেকৰ নাম ৰমেশ।,বাপেকৰ নাম ৰমেশ।
103,তেওঁবোৰ বাগিছাত ফুল লাগিছে।,তেওঁবোৰ বাগিছাত ফুল লাগিছে।
104,আজিৰ দিনটো সুন্দৰ।,আজিৰ দিনটো সুন্দৰ।
105,মই বিয়লি চাহ খাব।,তুমি বিয়লি চাহ খাব।
105,মই বিয়লি চাহ খাব।,আপুনি বিয়লি চাহ খাব।
105,মই বিয়লি চাহ খাব।,তোমাৰ বিয়লি চাহ খাব।
106,মই বিয়লি চাহ খাব।,আপুনি বিয়লি চাহ খাব।
106,মই বিয়লি চাহ খাব।,তুমি বিয়লি চাহ খাব।
106,মই বিয়লি চাহ খাব।,তেওঁ বিয়লি চাহ খাব।
106,মই বিয়লি চাহ খাব।,তোমাৰ বিয়লি চাহ খাব।
107,ৰমা আৰু শ্যাম বিদ্যালয়লৈ গৈছিল।,ৰমা আৰু শ্যাম বিদ্যালয়লৈ গৈছিল।
108,আমাৰ ঘৰখন বৰ ডাঙৰ।,আমাৰ ঘৰখন বৰ ডাঙৰ।
109,মই বিয়লি চাহ খাব।,তেওঁ বিয়লি চাহ খাব।
109,মই বিয়লি চাহ খাব।,আপুনি বিয়লি চাহ খাব।
109,মই বিয়লি চাহ খাব।,তুমি বিয়লি চাহ খাব।
110,মৌচাকৰ মাজত মৌ থাকে।,মৌচাকৰ মাজত মৌ থাকে।
111,মৌচাকৰ মাজত মৌ থাকে।,মৌচাকৰ মাজত মৌ থাকে।
112,মই বিয়লি চাহ খাব।,তেওঁ বিয়লি চাহ খাব।
112,মই বিয়লি চাহ খাব।,তুমি বিয়লি চাহ খাব।
112,মই বিয়লি চাহ খাব।,তেওঁলোকে বিয়লি চাহ খাব।
112,মই বিয়লি চাহ খাব।,তোমাৰ বিয়লি চাহ খাব।
113,তুমি কি বিদ্যালয়লৈ যাও?,তোমাৰ কি বিদ্যালয়লৈ যাও?
113,তুমি কি বিদ্যালয়লৈ যাও?,তেওঁ কি বিদ্যালয়লৈ যাও?
114,বাপেকৰ নাম ৰমেশ।,বাপেকৰ নাম ৰমেশ।
115,শিলাদিত্য এটা ভাল মানুহ।,শিলাদিত্য এটা ভাল মানুহ।
116,মৌচাকৰ মাজত মৌ থাকে।,মৌচাকৰ মাজত মৌ থাকে।
117,তেওঁবোৰ বাগিছাত ফুল লাগিছে।,তেওঁবোৰ বাগিছাত ফুল লাগিছে।
118,শিলাদিত্য এটা ভাল মানুহ।,শিলাদিত্য এটা ভাল মানুহ।
119,মৌচাকৰ মাজত মৌ থাকে।,মৌচাকৰ মাজত মৌ থাকে।
120,তুমি কি বিদ্যালয়লৈ যাও?,তেওঁ কি বিদ্যালয়লৈ যাও?
120,তুমি কি বিদ্যালয়লৈ যাও?,তেওঁলোকে কি বিদ্যালয়লৈ যাও?
120,তুমি কি বিদ্যালয়লৈ যাও?,তোমাৰ কি বিদ্যালয়লৈ যাও?
121,বাপেকৰ নাম ৰমেশ।,বাপেকৰ নাম ৰমেশ।
122,মই বিয়লি চাহ খাব।,তুমি বিয়লি চাহ খাব।
122,মই বিয়লি চাহ খাব।,তেওঁ বিয়লি চাহ খাব।
122,মই বিয়লি চাহ খাব।,তোমাৰ বিয়লি চাহ খাব।
123,মই বিয়লি চাহ খাব।,তেওঁলোকে বিয়লি চাহ খাব।
123,মই বিয়লি চাহ খাব।,আপুনি বিয়লি চাহ খাব।
124,তুমি কি বিদ্যালয়লৈ যাও?,তোমাৰ কি বিদ্যালয়লৈ যাও?
124,তুমি কি বিদ্যালয়লৈ যাও?,তেওঁলোকে কি বিদ্যালয়লৈ যাও?
124,তুমি কি বিদ্যালয়লৈ যাও?,তেওঁ কি বিদ্যালয়লৈ যাও?
125,মই বিয়লি চাহ খাব।,আপুনি বিয়লি চাহ খাব।
125,মই বিয়লি চাহ খাব।,তেওঁলোকে বিয়লি চাহ খাব।
125,মই বিয়লি চাহ খাব।,তুমি বিয়লি চাহ খাব।
126,ৰমা আৰু শ্যাম বিদ্যালয়লৈ গৈছিল।,ৰমা আৰু শ্যাম বিদ্যালয়লৈ গৈছিল।
127,আমাৰ ঘৰখন বৰ ডাঙৰ।,আমাৰ ঘৰখন বৰ ডাঙৰ।
128,আজিৰ দিনটো সুন্দৰ।,আজিৰ দিনটো সুন্দৰ।
129,শিলাদিত্য এটা ভাল মানুহ।,শিলাদিত্য এটা ভাল মানুহ।
130,মই বিয়লি চাহ খাব।,তুমি বিয়লি চাহ খাব।
130,মই বিয়লি চাহ খাব।,তেওঁলোকে বিয়লি চাহ খাব।
130,মই বিয়লি চাহ খাব।,তেওঁ বিয়লি চাহ খাব।
131,বাপেকৰ নাম ৰমেশ।,বাপেকৰ নাম ৰমেশ।
132,শিলাদিত্য এটা ভাল মানুহ।,শিলাদিত্য এটা ভাল মানুহ।
133,বাপেকৰ নাম ৰমেশ।,বাপেকৰ নাম ৰমেশ।
134,বাপেকৰ নাম ৰমেশ।,বাপেকৰ নাম ৰমেশ।
135,তেওঁ খোৱা ধনিয়া পানীত।,তোৰ খোৱা ধনিয়া পানীত।
135,তেওঁ খোৱা ধনিয়া পানীত।,আপুনি খোৱা ধনিয়া পানীত।
135,তেওঁ খোৱা ধনিয়া পানীত।,তুমি খোৱা ধনিয়া পানীত।
136,তুমি কি বিদ্যালয়লৈ যাও?,আপুনি কি বিদ্যালয়লৈ যাও?
136,তুমি কি বিদ্যালয়লৈ যাও?,তেওঁ কি বিদ্যালয়লৈ যাও?
136,তুমি কি বিদ্যালয়লৈ যাও?,মই কি বিদ্যালয়লৈ যাও?
136,তুমি কি বিদ্যালয়লৈ যাও?,তেওঁলোকে কি বিদ্যালয়লৈ যাও?
137,তেওঁ খোৱা ধনিয়া পানীত।,আপুনি খোৱা ধনিয়া পানীত।
137,তেওঁ খোৱা ধনিয়া পানীত।,মই খোৱা ধনিয়া পানীত।
137,তেওঁ খোৱা ধনিয়া পানীত।,তোৰ খোৱা ধনিয়া পানীত।
137,তেওঁ খোৱা ধনিয়া পানীত।,তুমি খোৱা ধনিয়া পানীত।
138,বাপেকৰ নাম ৰমেশ।,বাপেকৰ নাম ৰমেশ।
139,মৌচাকৰ মাজত মৌ থাকে।,মৌচাকৰ মাজত মৌ থাকে।
140,তুমি কি বিদ্যালয়লৈ যাও?,তেওঁলোকে কি বিদ্যালয়লৈ যাও?
140,তুমি কি বিদ্যালয়লৈ যাও?,তেওঁ কি বিদ্যালয়লৈ যাও?
140,তুমি কি বিদ্যালয়লৈ যাও?,মই কি বিদ্যালয়লৈ যাও?
141,তেওঁ খোৱা ধনিয়া পানীত।,তেওঁলোকে খোৱা ধনিয়া পানীত।
141,তেওঁ খোৱা ধনিয়া পানীত।,আপুনি খোৱা ধনিয়া পানীত।
142,তেওঁবোৰ বাগিছাত ফুল লাগিছে।,তেওঁবোৰ বাগিছাত ফুল লাগিছে।
143,বাপেকৰ নাম ৰমেশ।,বাপেকৰ নাম ৰমেশ।
144,আজিৰ দিনটো সুন্দৰ।,আজিৰ দিনটো সুন্দৰ।
145,মৌচাকৰ মাজত মৌ থাকে।,মৌচাকৰ মাজত মৌ থাকে।
146,বাপেকৰ নাম ৰমেশ।,বাপেকৰ নাম ৰমেশ।
147,আমাৰ ঘৰখন বৰ ডাঙৰ।,আমাৰ ঘৰখন বৰ ডাঙৰ।
148,মৌচাকৰ মাজত মৌ থাকে।,মৌচাকৰ মাজত মৌ থাকে।
149,আজিৰ দিনটো সুন্দৰ।,আজিৰ দিনটো সুন্দৰ।
150,ৰমা আৰু শ্যাম বিদ্যালয়লৈ গৈছিল।,ৰমা আৰু শ্যাম বিদ্যালয়লৈ গৈছিল।
151,তেওঁ খোৱা ধনিয়া পানীত।,মই খোৱা ধনিয়া পানীত।
151,তেওঁ খোৱা ধনিয়া পানীত।,আপুনি খোৱা ধনিয়া পানীত।
151,তেওঁ খোৱা ধনিয়া পানীত।,তোৰ খোৱা ধনিয়া পানীত।
151,তেওঁ খোৱা ধনিয়া পানীত।,তুমি খোৱা ধনিয়া পানীত।
152,তেওঁবোৰ বাগিছাত ফুল লাগিছে।,তেওঁবোৰ বাগিছাত ফুল লাগিছে।
153,আমাৰ ঘৰখন বৰ ডাঙৰ।,আমাৰ ঘৰখন বৰ ডাঙৰ।
154,তেওঁ খোৱা ধনিয়া পানীত।,তেওঁলোকে খোৱা ধনিয়া পানীত।
154,তেওঁ খোৱা ধনিয়া পানীত।,মই খোৱা ধনিয়া পানীত।
154,তেওঁ খোৱা ধনিয়া পানীত।,আপুনি খোৱা ধনিয়া পানীত।
155,আমাৰ ঘৰখন বৰ ডাঙৰ।,আমাৰ ঘৰখন বৰ ডাঙৰ।
156,বাপেকৰ নাম ৰমেশ।,বাপেকৰ নাম ৰমেশ।
157,তেওঁবোৰ বাগিছাত ফুল লাগিছে।,তেওঁবোৰ বাগিছাত ফুল লাগিছে।
158,মৌচাকৰ মাজত মৌ থাকে।,মৌচাকৰ মাজত মৌ থাকে।
159,তুমি কি বিদ্যালয়লৈ যাও?,তোমাৰ কি বিদ্যালয়লৈ যাও?
159,তুমি কি বিদ্যালয়লৈ যাও?,তেওঁলোকে কি বিদ্যালয়লৈ যাও?
159,তুমি কি বিদ্যালয়লৈ যাও?,আপুনি কি বিদ্যালয়লৈ যাও?
160,শিলাদিত্য এটা ভাল মানুহ।,শিলাদিত্য এটা ভাল মানুহ।
161,তেওঁবোৰ বাগিছাত ফুল লাগিছে।,তেওঁবোৰ বাগিছাত ফুল লাগিছে।
162,ৰমা আৰু শ্যাম বিদ্যালয়লৈ গৈছিল।,ৰমা আৰু শ্যাম বিদ্যালয়লৈ গৈছিল।
163,আমাৰ ঘৰখন বৰ ডাঙৰ।,আমাৰ ঘৰখন বৰ ডাঙৰ।
164,মই বিয়লি চাহ খাব।,তোমাৰ বিয়লি চাহ খাব।
164,মই বিয়লি চাহ খাব।,তেওঁলোকে বিয়লি চাহ খাব।
164,মই বিয়লি চাহ খাব।,তুমি বিয়লি চাহ খাব।
164,মই বিয়লি চাহ খাব।,তেওঁ বিয়লি চাহ খাব।
165,আমাৰ ঘৰখন বৰ ডাঙৰ।,আমাৰ ঘৰখন বৰ ডাঙৰ।
166,তুমি কি বিদ্যালয়লৈ যাও?,আপুনি কি বিদ্যালয়লৈ যাও?
166,তুমি কি বিদ্যালয়লৈ যাও?,তোমাৰ কি বিদ্যালয়লৈ যাও?
166,তুমি কি বিদ্যালয়লৈ যাও?,তেওঁ কি বিদ্যালয়লৈ যাও?
166,তুমি কি বিদ্যালয়লৈ যাও?,মই কি বিদ্যালয়লৈ যাও?
167,বাপেকৰ নাম ৰমেশ।,বাপেকৰ নাম ৰমেশ।
168,আমাৰ ঘৰখন বৰ ডাঙৰ।,আমাৰ ঘৰখন বৰ ডাঙৰ।
169,তেওঁবোৰ বাগিছাত ফুল লাগিছে।,তেওঁবোৰ বাগিছাত ফুল লাগিছে।
170,আমাৰ ঘৰখন বৰ ডাঙৰ।,আমাৰ ঘৰখন বৰ ডাঙৰ।
171,বাপেকৰ নাম ৰমেশ।,বাপেকৰ নাম ৰমেশ।
172,তুমি কি বিদ্যালয়লৈ যাও?,তেওঁ কি বিদ্যালয়লৈ যাও?
172,তুমি কি বিদ্যালয়লৈ যাও?,তোমাৰ কি বিদ্যালয়লৈ যাও?
172,তুমি কি বিদ্যালয়লৈ যাও?,তেওঁলোকে কি বিদ্যালয়লৈ যাও?
172,তুমি কি বিদ্যালয়লৈ যাও?,মই কি বিদ্যালয়লৈ যাও?
173,বাপেকৰ নাম ৰমেশ।,বাপেকৰ নাম ৰমেশ।
174,তুমি কি বিদ্যালয়লৈ যাও?,তোমাৰ কি বিদ্যালয়লৈ যাও?
174,তুমি কি বিদ্যালয়লৈ যাও?,আপুনি কি বিদ্যালয়লৈ যাও?
174,তুমি কি বিদ্যালয়লৈ যাও?,তেওঁলোকে কি বিদ্যালয়লৈ যাও?
174,তুমি কি বিদ্যালয়লৈ যাও?,তেওঁ কি বিদ্যালয়লৈ যাও?
175,তেওঁ খোৱা ধনিয়া পানীত।,মই খোৱা ধনিয়া পানীত।
175,তেওঁ খোৱা ধনিয়া পানীত।,তেওঁলোকে খোৱা ধনিয়া পানীত।
175,তেওঁ খোৱা ধনিয়া পানীত।,তুমি খোৱা ধনিয়া পানীত।
175,তেওঁ খোৱা ধনিয়া পানীত।,আপুনি খোৱা ধনিয়া পানীত।
176,মৌচাকৰ মাজত মৌ থাকে।,মৌচাকৰ মাজত মৌ থাকে।
177,মৌচাকৰ মাজত মৌ থাকে।,মৌচাকৰ মাজত মৌ থাকে।
178,মৌচাকৰ মাজত মৌ থাকে।,মৌচাকৰ মাজত মৌ থাকে।
179,বাপেকৰ নাম ৰমেশ।,বাপেকৰ নাম ৰমেশ।
180,ৰমা আৰু শ্যাম বিদ্যালয়লৈ গৈছিল।,ৰমা আৰু শ্যাম বিদ্যালয়লৈ গৈছিল।
181,ৰমা আৰু শ্যাম বিদ্যালয়লৈ গৈছিল।,ৰমা আৰু শ্যাম বিদ্যালয়লৈ গৈছিল।
182,তুমি কি বিদ্যালয়লৈ যাও?,তেওঁলোকে কি বিদ্যালয়লৈ যাও?
182,তুমি কি বিদ্যালয়লৈ যাও?,তেওঁ কি বিদ্যালয়লৈ যাও?
182,তুমি কি বিদ্যালয়লৈ যাও?,মই কি বিদ্যালয়লৈ যাও?
183,শিলাদিত্য এটা ভাল মানুহ।,শিলাদিত্য এটা ভাল মানুহ।
184,তেওঁবোৰ বাগিছাত ফুল লাগিছে।,তেওঁবোৰ বাগিছাত ফুল লাগিছে।
185,শিলাদিত্য এটা ভাল মানুহ।,শিলাদিত্য এটা ভাল মানুহ।
186,বাপেকৰ নাম ৰমেশ।,বাপেকৰ নাম ৰমেশ।
187,বাপেকৰ নাম ৰমেশ।,বাপেকৰ নাম ৰমেশ।
188,শিলাদিত্য এটা ভাল মানুহ।,শিলাদিত্য এটা ভাল মানুহ।
189,শিলাদিত্য এটা ভাল মানুহ।,শিলাদিত্য এটা ভাল মানুহ।
190,বাপেকৰ নাম ৰমেশ।,বাপেকৰ নাম ৰমেশ।
191,ৰমা আৰু শ্যাম বিদ্যালয়লৈ গৈছিল।,ৰমা আৰু শ্যাম বিদ্যালয়লৈ গৈছিল।
192,তুমি কি বিদ্যালয়লৈ যাও?,তেওঁলোকে কি বিদ্যালয়লৈ যাও?
192,তুমি কি বিদ্যালয়লৈ যাও?,আপুনি কি বিদ্যালয়লৈ যাও?
192,তুমি কি বিদ্যালয়লৈ যাও?,তোমাৰ কি বিদ্যালয়লৈ যাও?
192,তুমি কি বিদ্যালয়লৈ যাও?,মই কি বিদ্যালয়লৈ যাও?
193,মৌচাকৰ মাজত মৌ থাকে।,মৌচাকৰ মাজত মৌ থাকে।
194,আমাৰ ঘৰখন বৰ ডাঙৰ।,আমাৰ ঘৰখন বৰ ডাঙৰ।
195,বাপেকৰ নাম ৰমেশ।,বাপেকৰ নাম ৰমেশ।
196,শিলাদিত্য এটা ভাল মানুহ।,শিলাদিত্য এটা ভাল মানুহ।
197,মই বিয়লি চাহ খাব।,তোমাৰ বিয়লি চাহ খাব।
197,মই বিয়লি চাহ খাব।,তেওঁলোকে বিয়লি চাহ খাব।
197,মই বিয়লি চাহ খাব।,তেওঁ বিয়লি চাহ খাব।
198,মই বিয়লি চাহ খাব।,আপুনি বিয়লি চাহ খাব।
198,মই বিয়লি চাহ খাব।,তেওঁলোকে বিয়লি চাহ খাব।
198,মই বিয়লি চাহ খাব।,তোমাৰ বিয়লি চাহ খাব।
199,তুমি কি বিদ্যালয়লৈ যাও?,তেওঁলোকে কি বিদ্যালয়লৈ যাও?
199,তুমি কি বিদ্যালয়লৈ যাও?,আপুনি কি বিদ্যালয়লৈ যাও?
200,তেওঁ খোৱা ধনিয়া পানীত।,তেওঁলোকে খোৱা ধনিয়া পানীত।
200,তেওঁ খোৱা ধনিয়া পানীত।,তুমি খোৱা ধনিয়া পানীত।
200,তেওঁ খোৱা ধনিয়া পানীত।,আপুনি খোৱা ধনিয়া পানীত।
201,আজিৰ দিনটো সুন্দৰ।,আজিৰ দিনটো সুন্দৰ।
202,ৰমা আৰু শ্যাম বিদ্যালয়লৈ গৈছিল।,ৰমা আৰু শ্যাম বিদ্যালয়লৈ গৈছিল।
203,শিলাদিত্য এটা ভাল মানুহ।,শিলাদিত্য এটা ভাল মানুহ।
204,তেওঁ খোৱা ধনিয়া পানীত।,তোৰ খোৱা ধনিয়া পানীত।
204,তেওঁ খোৱা ধনিয়া পানীত।,মই খোৱা ধনিয়া পানীত।
204,তেওঁ খোৱা ধনিয়া পানীত।,তেওঁলোকে খোৱা ধনিয়া পানীত।
204,তেওঁ খোৱা ধনিয়া পানীত।,আপুনি খোৱা ধনিয়া পানীত।
205,তেওঁবোৰ বাগিছাত ফুল লাগিছে।,তেওঁবোৰ বাগিছাত ফুল লাগিছে।
206,ৰমা আৰু শ্যাম বিদ্যালয়লৈ গৈছিল।,ৰমা আৰু শ্যাম বিদ্যালয়লৈ গৈছিল।
207,মৌচাকৰ মাজত মৌ থাকে।,মৌচাকৰ মাজত মৌ থাকে।
208,মৌচাকৰ মাজত মৌ থাকে।,মৌচাকৰ মাজত মৌ থাকে।
209,আজিৰ দিনটো সুন্দৰ।,আজিৰ দিনটো সুন্দৰ।
210,তুমি কি বিদ্যালয়লৈ যাও?,তোমাৰ কি বিদ্যালয়লৈ যাও?
210,তুমি কি বিদ্যালয়লৈ যাও?,তেওঁ কি বিদ্যালয়লৈ যাও?
211,তেওঁবোৰ বাগিছাত ফুল লাগিছে।,তেওঁবোৰ বাগিছাত ফুল লাগিছে।
212,শিলাদিত্য এটা ভাল মানুহ।,শিলাদিত্য এটা ভাল মানুহ।
213,মৌচাকৰ মাজত মৌ থাকে।,মৌচাকৰ মাজত মৌ থাকে।
214,তুমি কি বিদ্যালয়লৈ যাও?,তেওঁলোকে কি বিদ্যালয়লৈ যাও?
214,তুমি কি বিদ্যালয়লৈ যাও?,তেওঁ কি বিদ্যালয়লৈ যাও?
214,তুমি কি বিদ্যালয়লৈ যাও?,তোমাৰ কি বিদ্যালয়লৈ যাও?
215,মৌচাকৰ মাজত মৌ থাকে।,মৌচাকৰ মাজত মৌ থাকে।
216,শিলাদিত্য এটা ভাল মানুহ।,শিলাদিত্য এটা ভাল মানুহ।
217,আজিৰ দিনটো সুন্দৰ।,আজিৰ দিনটো সুন্দৰ।
218,মই বিয়লি চাহ খাব।,তেওঁ বিয়লি চাহ খাব।
218,মই বিয়লি চাহ খাব।,তোমাৰ বিয়লি চাহ খাব।
218,মই বিয়লি চাহ খাব।,তুমি বিয়লি চাহ খাব।
218,মই বিয়লি চাহ খাব।,তেওঁলোকে বিয়লি চাহ খাব।
219,মৌচাকৰ মাজত মৌ থাকে।,মৌচাকৰ মাজত মৌ থাকে।
220,মই বিয়লি চাহ খাব।,তোমাৰ বিয়লি চাহ খাব।
220,মই বিয়লি চাহ খাব।,তেওঁ বিয়লি চাহ খাব।
220,মই বিয়লি চাহ খাব।,তুমি বিয়লি চাহ খাব।
220,মই বিয়লি চাহ খাব।,আপুনি বিয়লি চাহ খাব।
221,মৌচাকৰ মাজত মৌ থাকে।,মৌচাকৰ মাজত মৌ থাকে।
222,তুমি কি বিদ্যালয়লৈ যাও?,তেওঁলোকে কি বিদ্যালয়লৈ যাও?
222,তুমি কি বিদ্যালয়লৈ যাও?,আপুনি কি বিদ্যালয়লৈ যাও?
223,আজিৰ দিনটো সুন্দৰ।,আজিৰ দিনটো সুন্দৰ।
224,শিলাদিত্য এটা ভাল মানুহ।,শিলাদিত্য এটা ভাল মানুহ।
225,তেওঁবোৰ বাগিছাত ফুল লাগিছে।,তেওঁবোৰ বাগিছাত ফুল লাগিছে।
226,শিলাদিত্য এটা ভাল মানুহ।,শিলাদিত্য এটা ভাল মানুহ।
227,তেওঁ খোৱা ধনিয়া পানীত।,তুমি খোৱা ধনিয়া পানীত।
227,তেওঁ খোৱা ধনিয়া পানীত।,আপুনি খোৱা ধনিয়া পানীত।
228,মই বিয়লি চাহ খাব।,তোমাৰ বিয়লি চাহ খাব।
228,মই বিয়লি চাহ খাব।,তেওঁ বিয়লি চাহ খাব।
228,মই বিয়লি চাহ খাব।,আপুনি বিয়লি চাহ খাব।
229,মৌচাকৰ মাজত মৌ থাকে।,মৌচাকৰ মাজত মৌ থাকে।
230,তেওঁবোৰ বাগিছাত ফুল লাগিছে।,তেওঁবোৰ বাগিছাত ফুল লাগিছে।
231,আজিৰ দিনটো সুন্দৰ।,আজিৰ দিনটো সুন্দৰ।
232,শিলাদিত্য এটা ভাল মানুহ।,শিলাদিত্য এটা ভাল মানুহ।
233,মৌচাকৰ মাজত মৌ থাকে।,মৌচাকৰ মাজত মৌ থাকে।
234,তুমি কি বিদ্যালয়লৈ যাও?,আপুনি কি বিদ্যালয়লৈ যাও?
234,তুমি কি বিদ্যালয়লৈ যাও?,মই কি বিদ্যালয়লৈ যাও?
234,তুমি কি বিদ্যালয়লৈ যাও?,তেওঁ কি বিদ্যালয়লৈ যাও?
235,মই বিয়লি চাহ খাব।,তেওঁলোকে বিয়লি চাহ খাব।
235,মই বিয়লি চাহ খাব।,তেওঁ বিয়লি চাহ খাব।
235,মই বিয়লি চাহ খাব।,আপুনি বিয়লি চাহ খাব।
236,ৰমা আৰু শ্যাম বিদ্যালয়লৈ গৈছিল।,ৰমা আৰু শ্যাম বিদ্যালয়লৈ গৈছিল।
237,তুমি কি বিদ্যালয়লৈ যাও?,তেওঁ কি বিদ্যালয়লৈ যাও?
237,তুমি কি বিদ্যালয়লৈ যাও?,আপুনি কি বিদ্যালয়লৈ যাও?
237,তুমি কি বিদ্যালয়লৈ যাও?,তেওঁলোকে কি বিদ্যালয়লৈ যাও?
238,তুমি কি বিদ্যালয়লৈ যাও?,তেওঁ কি বিদ্যালয়লৈ যাও?
238,তুমি কি বিদ্যালয়লৈ যাও?,তোমাৰ কি বিদ্যালয়লৈ যাও?
239,তেওঁ খোৱা ধনিয়া পানীত।,তেওঁলোকে খোৱা ধনিয়া পানীত।
239,তেওঁ খোৱা ধনিয়া পানীত।,তোৰ খোৱা ধনিয়া পানীত।
239,তেওঁ খোৱা ধনিয়া পানীত।,তুমি খোৱা ধনিয়া পানীত।
240,শিলাদিত্য এটা ভাল মানুহ।,শিলাদিত্য এটা ভাল মানুহ।
241,তুমি কি বিদ্যালয়লৈ যাও?,মই কি বিদ্যালয়লৈ যাও?
241,তুমি কি বিদ্যালয়লৈ যাও?,তেওঁলোকে কি বিদ্যালয়লৈ যাও?
241,তুমি কি বিদ্যালয়লৈ যাও?,আপুনি কি বিদ্যালয়লৈ যাও?
242,মৌচাকৰ মাজত মৌ থাকে।,মৌচাকৰ মাজত মৌ থাকে।
243,বাপেকৰ নাম ৰমেশ।,বাপেকৰ নাম ৰমেশ।
244,মই বিয়লি চাহ খাব।,তুমি বিয়লি চাহ খাব।
244,মই বিয়লি চাহ খাব।,তেওঁ বিয়লি চাহ খাব।
244,মই বিয়লি চাহ খাব।,তেওঁলোকে বিয়লি চাহ খাব।
244,মই বিয়লি চাহ খাব।,তোমাৰ বিয়লি চাহ খাব।
245,আমাৰ ঘৰখন বৰ ডাঙৰ।,আমাৰ ঘৰখন বৰ ডাঙৰ।
246,মই বিয়লি চাহ খাব।,তেওঁলোকে বিয়লি চাহ খাব।
246,মই বিয়লি চাহ খাব।,তুমি বিয়লি চাহ খাব।
246,মই বিয়লি চাহ খাব।,আপুনি বিয়লি চাহ খাব।
246,মই বিয়লি চাহ খাব।,তেওঁ বিয়লি চাহ খাব।
247,তেওঁ খোৱা ধনিয়া পানীত।,তুমি খোৱা ধনিয়া পানীত।
247,তেওঁ খোৱা ধনিয়া পানীত।,আপুনি খোৱা ধনিয়া পানীত।
247,তেওঁ খোৱা ধনিয়া পানীত।,মই খোৱা ধনিয়া পানীত।
247,তেওঁ খোৱা ধনিয়া পানীত।,তোৰ খোৱা ধনিয়া পানীত।
248,তুমি কি বিদ্যালয়লৈ যাও?,মই কি বিদ্যালয়লৈ যাও?
248,তুমি কি বিদ্যালয়লৈ যাও?,আপুনি কি বিদ্যালয়লৈ যাও?
248,তুমি কি বিদ্যালয়লৈ যাও?,তেওঁলোকে কি বিদ্যালয়লৈ যাও?
249,বাপেকৰ নাম ৰমেশ।,বাপেকৰ নাম ৰমেশ।
250,শিলাদিত্য এটা ভাল মানুহ।,শিলাদিত্য এটা ভাল মানুহ।
251,তেওঁ খোৱা ধনিয়া পানীত।,মই খোৱা ধনিয়া পানীত।
251,তেওঁ খোৱা ধনিয়া পানীত।,আপুনি খোৱা ধনিয়া পানীত।
251,তেওঁ খোৱা ধনিয়া পানীত।,তেওঁলোকে খোৱা ধনিয়া পানীত।
252,আজিৰ দিনটো সুন্দৰ।,আজিৰ দিনটো সুন্দৰ।
253,তেওঁবোৰ বাগিছাত ফুল লাগিছে।,তেওঁবোৰ বাগিছাত ফুল লাগিছে।
254,ৰমা আৰু শ্যাম বিদ্যালয়লৈ গৈছিল।,ৰমা আৰু শ্যাম বিদ্যালয়লৈ গৈছিল।
255,বাপেকৰ নাম ৰমেশ।,বাপেকৰ নাম ৰমেশ।
256,শিলাদিত্য এটা ভাল মানুহ।,শিলাদিত্য এটা ভাল মানুহ।
257,তুমি কি বিদ্যালয়লৈ যাও?,তেওঁলোকে কি বিদ্যালয়লৈ যাও?
257,তুমি কি বিদ্যালয়লৈ যাও?,তোমাৰ কি বিদ্যালয়লৈ যাও?
258,তেওঁ খোৱা ধনিয়া পানীত।,তেওঁলোকে খোৱা ধনিয়া পানীত।
258,তেওঁ খোৱা ধনিয়া পানীত।,আপুনি খোৱা ধনিয়া পানীত।
258,তেওঁ খোৱা ধনিয়া পানীত।,তুমি খোৱা ধনিয়া পানীত।
258,তেওঁ খোৱা ধনিয়া পানীত।,মই খোৱা ধনিয়া পানীত।
259,আজিৰ দিনটো সুন্দৰ।,আজিৰ দিনটো সুন্দৰ।
260,তেওঁবোৰ বাগিছাত ফুল লাগিছে।,তেওঁবোৰ বাগিছাত ফুল লাগিছে।
261,আজিৰ দিনটো সুন্দৰ।,আজিৰ দিনটো সুন্দৰ।
262,তেওঁবোৰ বাগিছাত ফুল লাগিছে।,তেওঁবোৰ বাগিছাত ফুল লাগিছে।
263,তেওঁ খোৱা ধনিয়া পানীত।,তুমি খোৱা ধনিয়া পানীত।
263,তেওঁ খোৱা ধনিয়া পানীত।,আপুনি খোৱা ধনিয়া পানীত।
263,তেওঁ খোৱা ধনিয়া পানীত।,মই খোৱা ধনিয়া পানীত।
264,তেওঁ খোৱা ধনিয়া পানীত।,মই খোৱা ধনিয়া পানীত।
264,তেওঁ খোৱা ধনিয়া পানীত।,তেওঁলোকে খোৱা ধনিয়া পানীত।
264,তেওঁ খোৱা ধনিয়া পানীত।,তোৰ খোৱা ধনিয়া পানীত।
265,মই বিয়লি চাহ খাব।,আপুনি বিয়লি চাহ খাব।
265,মই বিয়লি চাহ খাব।,তেওঁ বিয়লি চাহ খাব।
265,মই বিয়লি চাহ খাব।,তুমি বিয়লি চাহ খাব।
266,ৰমা আৰু শ্যাম বিদ্যালয়লৈ গৈছিল।,ৰমা আৰু শ্যাম বিদ্যালয়লৈ গৈছিল।
267,ৰমা আৰু শ্যাম বিদ্যালয়লৈ গৈছিল।,ৰমা আৰু শ্যাম বিদ্যালয়লৈ গৈছিল।
268,তুমি কি বিদ্যালয়লৈ যাও?,আপুনি কি বিদ্যালয়লৈ যাও?
268,তুমি কি বিদ্যালয়লৈ যাও?,তোমাৰ কি বিদ্যালয়লৈ যাও?
269,ৰমা আৰু শ্যাম বিদ্যালয়লৈ গৈছিল।,ৰমা আৰু শ্যাম বিদ্যালয়লৈ গৈছিল।
270,মই বিয়লি চাহ খাব।,তেওঁ বিয়লি চাহ খাব।
270,মই বিয়লি চাহ খাব।,তেওঁলোকে বিয়লি চাহ খাব।
270,মই বিয়লি চাহ খাব।,আপুনি বিয়লি চাহ খাব।
270,মই বিয়লি চাহ খাব।,তোমাৰ বিয়লি চাহ খাব।
271,তেওঁবোৰ বাগিছাত ফুল লাগিছে।,তেওঁবোৰ বাগিছাত ফুল লাগিছে।
272,তেওঁ খোৱা ধনিয়া পানীত।,তোৰ খোৱা ধনিয়া পানীত।
272,তেওঁ খোৱা ধনিয়া পানীত।,আপুনি খোৱা ধনিয়া পানীত।
273,মই বিয়লি চাহ খাব।,তেওঁলোকে বিয়লি চাহ খাব।
273,মই বিয়লি চাহ খাব।,আপুনি বিয়লি চাহ খাব।
273,মই বিয়লি চাহ খাব।,তোমাৰ বিয়লি চাহ খাব।
274,ৰমা আৰু শ্যাম বিদ্যালয়লৈ গৈছিল।,ৰমা আৰু শ্যাম বিদ্যালয়লৈ গৈছিল।
275,আজিৰ দিনটো সুন্দৰ।,আজিৰ দিনটো সুন্দৰ।
276,তেওঁ খোৱা ধনিয়া পানীত।,মই খোৱা ধনিয়া পানীত।
276,তেওঁ খোৱা ধনিয়া পানীত।,তুমি খোৱা ধনিয়া পানীত।
276,তেওঁ খোৱা ধনিয়া পানীত।,তোৰ খোৱা ধনিয়া পানীত।
277,বাপেকৰ নাম ৰমেশ।,বাপেকৰ নাম ৰমেশ।
278,ৰমা আৰু শ্যাম বিদ্যালয়লৈ গৈছিল।,ৰমা আৰু শ্যাম বিদ্যালয়লৈ গৈছিল।
279,শিলাদিত্য এটা ভাল মানুহ।,শিলাদিত্য এটা ভাল মানুহ।
280,তেওঁ খোৱা ধনিয়া পানীত।,তুমি খোৱা ধনিয়া পানীত।
280,তেওঁ খোৱা ধনিয়া পানীত।,আপুনি খোৱা ধনিয়া পানীত।
280,তেওঁ খোৱা ধনিয়া পানীত।,তেওঁলোকে খোৱা ধনিয়া পানীত।
280,তেওঁ খোৱা ধনিয়া পানীত।,তোৰ খোৱা ধনিয়া পানীত।
281,মই বিয়লি চাহ খাব।,তুমি বিয়লি চাহ খাব।
281,মই বিয়লি চাহ খাব।,তেওঁলোকে বিয়লি চাহ খাব।
281,মই বিয়লি চাহ খাব।,আপুনি বিয়লি চাহ খাব।
282,মৌচাকৰ মাজত মৌ থাকে।,মৌচাকৰ মাজত মৌ থাকে।
283,ৰমা আৰু শ্যাম বিদ্যালয়লৈ গৈছিল।,ৰমা আৰু শ্যাম বিদ্যালয়লৈ গৈছিল।
284,মৌচাকৰ মাজত মৌ থাকে।,মৌচাকৰ মাজত মৌ থাকে।
285,তেওঁবোৰ বাগিছাত ফুল লাগিছে।,তেওঁবোৰ বাগিছাত ফুল লাগিছে।
286,তেওঁবোৰ বাগিছাত ফুল লাগিছে।,তেওঁবোৰ বাগিছাত ফুল লাগিছে।
287,আমাৰ ঘৰখন বৰ ডাঙৰ।,আমাৰ ঘৰখন বৰ ডাঙৰ।
288,তেওঁ খোৱা ধনিয়া পানীত।,মই খোৱা ধনিয়া পানীত।
288,তেওঁ খোৱা ধনিয়া পানীত।,আপুনি খোৱা ধনিয়া পানীত।
288,তেওঁ খোৱা ধনিয়া পানীত।,তেওঁলোকে খোৱা ধনিয়া পানীত।
289,বাপেকৰ নাম ৰমেশ।,বাপেকৰ নাম ৰমেশ।
290,তুমি কি বিদ্যালয়লৈ যাও?,তোমাৰ কি বিদ্যালয়লৈ যাও?
290,তুমি কি বিদ্যালয়লৈ যাও?,আপুনি কি বিদ্যালয়লৈ যাও?
290,তুমি কি বিদ্যালয়লৈ যাও?,তেওঁলোকে কি বিদ্যালয়লৈ যাও?
291,শিলাদিত্য এটা ভাল মানুহ।,শিলাদিত্য এটা ভাল মানুহ।
292,শিলাদিত্য এটা ভাল মানুহ।,শিলাদিত্য এটা ভাল মানুহ।
293,শিলাদিত্য এটা ভাল মানুহ।,শিলাদিত্য এটা ভাল মানুহ।
294,শিলাদিত্য এটা ভাল মানুহ।,শিলাদিত্য এটা ভাল মানুহ।
295,আজিৰ দিনটো সুন্দৰ।,আজিৰ দিনটো সুন্দৰ।
296,শিলাদিত্য এটা ভাল মানুহ।,শিলাদিত্য এটা ভাল মানুহ।
297,মই বিয়লি চাহ খাব।,তোমাৰ বিয়লি চাহ খাব।
297,মই বিয়লি চাহ খাব।,তুমি বিয়লি চাহ খাব।
297,মই বিয়লি চাহ খাব।,তেওঁ বিয়লি চাহ খাব।
297,মই বিয়লি চাহ খাব।,আপুনি বিয়লি চাহ খাব।
298,মৌচাকৰ মাজত মৌ থাকে।,মৌচাকৰ মাজত মৌ থাকে।
299,বাপেকৰ নাম ৰমেশ।,বাপেকৰ নাম ৰমেশ।
300,ৰমা আৰু শ্যাম বিদ্যালয়লৈ গৈছিল।,ৰমা আৰু শ্যাম বিদ্যালয়লৈ গৈছিল।
301,তুমি কি বিদ্যালয়লৈ যাও?,আপুনি কি বিদ্যালয়লৈ যাও?
301,তুমি কি বিদ্যালয়লৈ যাও?,মই কি বিদ্যালয়লৈ যাও?
301,তুমি কি বিদ্যালয়লৈ যাও?,তেওঁ কি বিদ্যালয়লৈ যাও?
302,তেওঁ খোৱা ধনিয়া পানীত।,মই খোৱা ধনিয়া পানীত।
302,তেওঁ খোৱা ধনিয়া পানীত।,তোৰ খোৱা ধনিয়া পানীত।
302,তেওঁ খোৱা ধনিয়া পানীত।,তুমি খোৱা ধনিয়া পানীত।
303,তেওঁ খোৱা ধনিয়া পানীত।,মই খোৱা ধনিয়া পানীত।
303,তেওঁ খোৱা ধনিয়া পানীত।,তেওঁলোকে খোৱা ধনিয়া পানীত।
304,শিলাদিত্য এটা ভাল মানুহ।,শিলাদিত্য এটা ভাল মানুহ।
305,আমাৰ ঘৰখন বৰ ডাঙৰ।,আমাৰ ঘৰখন বৰ ডাঙৰ।
306,আমাৰ ঘৰখন বৰ ডাঙৰ।,আমাৰ ঘৰখন বৰ ডাঙৰ।
307,ৰমা আৰু শ্যাম বিদ্যালয়লৈ গৈছিল।,ৰমা আৰু শ্যাম বিদ্যালয়লৈ গৈছিল।
308,আমাৰ ঘৰখন বৰ ডাঙৰ।,আমাৰ ঘৰখন বৰ ডাঙৰ।
309,ৰমা আৰু শ্যাম বিদ্যালয়লৈ গৈছিল।,ৰমা আৰু শ্যাম বিদ্যালয়লৈ গৈছিল।
310,তেওঁবোৰ বাগিছাত ফুল লাগিছে।,তেওঁবোৰ বাগিছাত ফুল লাগিছে।
311,তেওঁবোৰ বাগিছাত ফুল লাগিছে।,তেওঁবোৰ বাগিছাত ফুল লাগিছে।
312,শিলাদিত্য এটা ভাল মানুহ।,শিলাদিত্য এটা ভাল মানুহ।
313,তুমি কি বিদ্যালয়লৈ যাও?,আপুনি কি বিদ্যালয়লৈ যাও?
313,তুমি কি বিদ্যালয়লৈ যাও?,তোমাৰ কি বিদ্যালয়লৈ যাও?
314,তেওঁবোৰ বাগিছাত ফুল লাগিছে।,তেওঁবোৰ বাগিছাত ফুল লাগিছে।
315,শিলাদিত্য এটা ভাল মানুহ।,শিলাদিত্য এটা ভাল মানুহ।
316,ৰমা আৰু শ্যাম বিদ্যালয়লৈ গৈছিল।,ৰমা আৰু শ্যাম বিদ্যালয়লৈ গৈছিল।
317,তেওঁবোৰ বাগিছাত ফুল লাগিছে।,তেওঁবোৰ বাগিছাত ফুল লাগিছে।
318,শিলাদিত্য এটা ভাল মানুহ।,শিলাদিত্য এটা ভাল মানুহ।
319,আজিৰ দিনটো সুন্দৰ।,আজিৰ দিনটো সুন্দৰ।
320,তুমি কি বিদ্যালয়লৈ যাও?,তেওঁ কি বিদ্যালয়লৈ যাও?
320,তুমি কি বিদ্যালয়লৈ যাও?,তেওঁলোকে কি বিদ্যালয়লৈ যাও?
320,তুমি কি বিদ্যালয়লৈ যাও?,আপুনি কি বিদ্যালয়লৈ যাও?
321,তেওঁবোৰ বাগিছাত ফুল লাগিছে।,তেওঁবোৰ বাগিছাত ফুল লাগিছে।
322,মই বিয়লি চাহ খাব।,তেওঁ বিয়লি চাহ খাব।
322,মই বিয়লি চাহ খাব।,তুমি বিয়লি চাহ খাব।
322,মই বিয়লি চাহ খাব।,তোমাৰ বিয়লি চাহ খাব।
322,মই বিয়লি চাহ খাব।,তেওঁলোকে বিয়লি চাহ খাব।
323,আজিৰ দিনটো সুন্দৰ।,আজিৰ দিনটো সুন্দৰ।
324,মই বিয়লি চাহ খাব।,তেওঁ বিয়লি চাহ খাব।
324,মই বিয়লি চাহ খাব।,তেওঁলোকে বিয়লি চাহ খাব।
324,মই বিয়লি চাহ খাব।,তোমাৰ বিয়লি চাহ খাব।
325,বাপেকৰ নাম ৰমেশ।,বাপেকৰ নাম ৰমেশ।
326,তুমি কি বিদ্যালয়লৈ যাও?,মই কি বিদ্যালয়লৈ যাও?
326,তুমি কি বিদ্যালয়লৈ যাও?,তেওঁলোকে কি বিদ্যালয়লৈ যাও?
326,তুমি কি বিদ্যালয়লৈ যাও?,আপুনি কি বিদ্যালয়লৈ যাও?
327,তেওঁ খোৱা ধনিয়া পানীত।,আপুনি খোৱা ধনিয়া পানীত।
327,তেওঁ খোৱা ধনিয়া পানীত।,তেওঁলোকে খোৱা ধনিয়া পানীত।
327,তেওঁ খোৱা ধনিয়া পানীত।,তুমি খোৱা ধনিয়া পানীত।
328,বাপেকৰ নাম ৰমেশ।,বাপেকৰ নাম ৰমেশ।
329,শিলাদিত্য এটা ভাল মানুহ।,শিলাদিত্য এটা ভাল মানুহ।
330,আমাৰ ঘৰখন বৰ ডাঙৰ।,আমাৰ ঘৰখন বৰ ডাঙৰ।
331,বাপেকৰ নাম ৰমেশ।,বাপেকৰ নাম ৰমেশ।
332,মৌচাকৰ মাজত মৌ থাকে।,মৌচাকৰ মাজত মৌ থাকে।
333,তুমি কি বিদ্যালয়লৈ যাও?,তোমাৰ কি বিদ্যালয়লৈ যাও?
333,তুমি কি বিদ্যালয়লৈ যাও?,মই কি বিদ্যালয়লৈ যাও?
333,তুমি কি বিদ্যালয়লৈ যাও?,তেওঁলোকে কি বিদ্যালয়লৈ যাও?
334,তেওঁ খোৱা ধনিয়া পানীত।,তোৰ খোৱা ধনিয়া পানীত।
334,তেওঁ খোৱা ধনিয়া পানীত।,আপুনি খোৱা ধনিয়া পানীত।
334,তেওঁ খোৱা ধনিয়া পানীত।,তুমি খোৱা ধনিয়া পানীত।
335,তেওঁবোৰ বাগিছাত ফুল লাগিছে।,তেওঁবোৰ বাগিছাত ফুল লাগিছে।
336,আজিৰ দিনটো সুন্দৰ।,আজিৰ দিনটো সুন্দৰ।
337,মৌচাকৰ মাজত মৌ থাকে।,মৌচাকৰ মাজত মৌ থাকে।
338,মই বিয়লি চাহ খাব।,তেওঁলোকে বিয়লি চাহ খাব।
338,মই বিয়লি চাহ খাব।,তুমি বিয়লি চাহ খাব।
338,মই বিয়লি চাহ খাব।,তোমাৰ বিয়লি চাহ খাব।
339,ৰমা আৰু শ্যাম বিদ্যালয়লৈ গৈছিল।,ৰমা আৰু শ্যাম বিদ্যালয়লৈ গৈছিল।
340,তুমি কি বিদ্যালয়লৈ যাও?,তেওঁলোকে কি বিদ্যালয়লৈ যাও?
340,তুমি কি বিদ্যালয়লৈ যাও?,তোমাৰ কি বিদ্যালয়লৈ যাও?
340,তুমি কি বিদ্যালয়লৈ যাও?,আপুনি কি বিদ্যালয়লৈ যাও?
341,তেওঁবোৰ বাগিছাত ফুল লাগিছে।,তেওঁবোৰ বাগিছাত ফুল লাগিছে।
342,তেওঁবোৰ বাগিছাত ফুল লাগিছে।,তেওঁবোৰ বাগিছাত ফুল লাগিছে।
343,আমাৰ ঘৰখন বৰ ডাঙৰ।,আমাৰ ঘৰখন বৰ ডাঙৰ।
344,আজিৰ দিনটো সুন্দৰ।,আজিৰ দিনটো সুন্দৰ।
345,ৰমা আৰু শ্যাম বিদ্যালয়লৈ গৈছিল।,ৰমা আৰু শ্যাম বিদ্যালয়লৈ গৈছিল।
346,আমাৰ ঘৰখন বৰ ডাঙৰ।,আমাৰ ঘৰখন বৰ ডাঙৰ।
347,তেওঁবোৰ বাগিছাত ফুল লাগিছে।,তেওঁবোৰ বাগিছাত ফুল লাগিছে।
348,বাপেকৰ নাম ৰমেশ।,বাপেকৰ নাম ৰমেশ।
349,ৰমা আৰু শ্যাম বিদ্যালয়লৈ গৈছিল।,ৰমা আৰু শ্যাম বিদ্যালয়লৈ গৈছিল।
350,মই বিয়লি চাহ খাব।,তেওঁলোকে বিয়লি চাহ খাব।
350,মই বিয়লি চাহ খাব।,আপুনি বিয়লি চাহ খাব।
350,মই বিয়লি চাহ খাব।,তোমাৰ বিয়লি চাহ খাব।
351,বাপেকৰ নাম ৰমেশ।,বাপেকৰ নাম ৰমেশ।
352,তুমি কি বিদ্যালয়লৈ যাও?,আপুনি কি বিদ্যালয়লৈ যাও?
352,তুমি কি বিদ্যালয়লৈ যাও?,তোমাৰ কি বিদ্যালয়লৈ যাও?
352,তুমি কি বিদ্যালয়লৈ যাও?,মই কি বিদ্যালয়লৈ যাও?
353,তুমি কি বিদ্যালয়লৈ যাও?,তোমাৰ কি বিদ্যালয়লৈ যাও?
353,তুমি কি বিদ্যালয়লৈ যাও?,তেওঁ কি বিদ্যালয়লৈ যাও?
353,তুমি কি বিদ্যালয়লৈ যাও?,আপুনি কি বিদ্যালয়লৈ যাও?
354,আজিৰ দিনটো সুন্দৰ।,আজিৰ দিনটো সুন্দৰ।
355,মৌচাকৰ মাজত মৌ থাকে।,মৌচাকৰ মাজত মৌ থাকে।
356,আমাৰ ঘৰখন বৰ ডাঙৰ।,আমাৰ ঘৰখন বৰ ডাঙৰ।
357,বাপেকৰ নাম ৰমেশ।,বাপেকৰ নাম ৰমেশ।
358,আমাৰ ঘৰখন বৰ ডাঙৰ।,আমাৰ ঘৰখন বৰ ডাঙৰ।
359,বাপেকৰ নাম ৰমেশ।,বাপেকৰ নাম ৰমেশ।
360,বাপেকৰ নাম ৰমেশ।,বাপেকৰ নাম ৰমেশ।
361,শিলাদিত্য এটা ভাল মানুহ।,শিলাদিত্য এটা ভাল মানুহ।
362,তেওঁ খোৱা ধনিয়া পানীত।,তোৰ খোৱা ধনিয়া পানীত।
362,তেওঁ খোৱা ধনিয়া পানীত।,মই খোৱা ধনিয়া পানীত।
362,তেওঁ খোৱা ধনিয়া পানীত।,আপুনি খোৱা ধনিয়া পানীত।
363,তুমি কি বিদ্যালয়লৈ যাও?,তেওঁলোকে কি বিদ্যালয়লৈ যাও?
363,তুমি কি বিদ্যালয়লৈ যাও?,তোমাৰ কি বিদ্যালয়লৈ যাও?
363,তুমি কি বিদ্যালয়লৈ যাও?,আপুনি কি বিদ্যালয়লৈ যাও?
363,তুমি কি বিদ্যালয়লৈ যাও?,মই কি বিদ্যালয়লৈ যাও?
364,আজিৰ দিনটো সুন্দৰ।,আজিৰ দিনটো সুন্দৰ।
365,বাপেকৰ নাম ৰমেশ।,বাপেকৰ নাম ৰমেশ।
366,তেওঁবোৰ বাগিছাত ফুল লাগিছে।,তেওঁবোৰ বাগিছাত ফুল লাগিছে।
367,তুমি কি বিদ্যালয়লৈ যাও?,তেওঁ কি বিদ্যালয়লৈ যাও?
367,তুমি কি বিদ্যালয়লৈ যাও?,তেওঁলোকে কি বিদ্যালয়লৈ যাও?
367,তুমি কি বিদ্যালয়লৈ যাও?,মই কি বিদ্যালয়লৈ যাও?
368,আমাৰ ঘৰখন বৰ ডাঙৰ।,আমাৰ ঘৰখন বৰ ডাঙৰ।
369,মৌচাকৰ মাজত মৌ থাকে।,মৌচাকৰ মাজত মৌ থাকে।
370,বাপেকৰ নাম ৰমেশ।,বাপেকৰ নাম ৰমেশ।
371,তুমি কি বিদ্যালয়লৈ যাও?,তোমাৰ কি বিদ্যালয়লৈ যাও?
371,তুমি কি বিদ্যালয়লৈ যাও?,আপুনি কি বিদ্যালয়লৈ যাও?
372,বাপেকৰ নাম ৰমেশ।,বাপেকৰ নাম ৰমেশ।
373,মৌচাকৰ মাজত মৌ থাকে।,মৌচাকৰ মাজত মৌ থাকে।
374,তেওঁ খোৱা ধনিয়া পানীত।,তেওঁলোকে খোৱা ধনিয়া পানীত।
374,তেওঁ খোৱা ধনিয়া পানীত।,তোৰ খোৱা ধনিয়া পানীত।
375,তেওঁ খোৱা ধনিয়া পানীত।,তুমি খোৱা ধনিয়া পানীত।
375,তেওঁ খোৱা ধনিয়া পানীত।,তেওঁলোকে খোৱা ধনিয়া পানীত।
375,তেওঁ খোৱা ধনিয়া পানীত।,তোৰ খোৱা ধনিয়া পানীত।
376,শিলাদিত্য এটা ভাল মানুহ।,শিলাদিত্য এটা ভাল মানুহ।
377,মই বিয়লি চাহ খাব।,তেওঁলোকে বিয়লি চাহ খাব।
377,মই বিয়লি চাহ খাব।,তোমাৰ বিয়লি চাহ খাব।
378,তেওঁবোৰ বাগিছাত ফুল লাগিছে।,তেওঁবোৰ বাগিছাত ফুল লাগিছে।
379,মৌচাকৰ মাজত মৌ থাকে।,মৌচাকৰ মাজত মৌ থাকে।
380,তেওঁবোৰ বাগিছাত ফুল লাগিছে।,তেওঁবোৰ বাগিছাত ফুল লাগিছে।
381,তুমি কি বিদ্যালয়লৈ যাও?,তেওঁলোকে কি বিদ্যালয়লৈ যাও?
381,তুমি কি বিদ্যালয়লৈ যাও?,তেওঁ কি বিদ্যালয়লৈ যাও?
381,তুমি কি বিদ্যালয়লৈ যাও?,মই কি বিদ্যালয়লৈ যাও?
382,আমাৰ ঘৰখন বৰ ডাঙৰ।,আমাৰ ঘৰখন বৰ ডাঙৰ।
383,শিলাদিত্য এটা ভাল মানুহ।,শিলাদিত্য এটা ভাল মানুহ।
384,মই বিয়লি চাহ খাব।,তুমি বিয়লি চাহ খাব।
384,মই বিয়লি চাহ খাব।,আপুনি বিয়লি চাহ খাব।
384,মই বিয়লি চাহ খাব।,তেওঁলোকে বিয়লি চাহ খাব।
384,মই বিয়লি চাহ খাব।,তেওঁ বিয়লি চাহ খাব।
385,ৰমা আৰু শ্যাম বিদ্যালয়লৈ গৈছিল।,ৰমা আৰু শ্যাম বিদ্যালয়লৈ গৈছিল।
386,মই বিয়লি চাহ খাব।,তোমাৰ বিয়লি চাহ খাব।
386,মই বিয়লি চাহ খাব।,তেওঁলোকে বিয়লি চাহ খাব।
386,মই বিয়লি চাহ খাব।,তুমি বিয়লি চাহ খাব।
387,ৰমা আৰু শ্যাম বিদ্যালয়লৈ গৈছিল।,ৰমা আৰু শ্যাম বিদ্যালয়লৈ গৈছিল।
388,তেওঁবোৰ বাগিছাত ফুল লাগিছে।,তেওঁবোৰ বাগিছাত ফুল লাগিছে।
389,তুমি কি বিদ্যালয়লৈ যাও?,তেওঁ কি বিদ্যালয়লৈ যাও?
389,তুমি কি বিদ্যালয়লৈ যাও?,আপুনি কি বিদ্যালয়লৈ যাও?
390,মই বিয়লি চাহ খাব।,তেওঁলোকে বিয়লি চাহ খাব।
390,মই বিয়লি চাহ খাব।,আপুনি বিয়লি চাহ খাব।
390,মই বিয়লি চাহ খাব।,তোমাৰ বিয়লি চাহ খাব।
390,মই বিয়লি চাহ খাব।,তেওঁ বিয়লি চাহ খাব।
391,আজিৰ দিনটো সুন্দৰ।,আজিৰ দিনটো সুন্দৰ।
392,তুমি কি বিদ্যালয়লৈ যাও?,তেওঁলোকে কি বিদ্যালয়লৈ যাও?
392,তুমি কি বিদ্যালয়লৈ যাও?,তোমাৰ কি বিদ্যালয়লৈ যাও?
393,মই বিয়লি চাহ খাব।,আপুনি বিয়লি চাহ খাব।
393,মই বিয়লি চাহ খাব।,তেওঁলোকে বিয়লি চাহ খাব।
393,মই বিয়লি চাহ খাব।,তুমি বিয়লি চাহ খাব।
393,মই বিয়লি চাহ খাব।,তোমাৰ বিয়লি চাহ খাব।
394,আমাৰ ঘৰখন বৰ ডাঙৰ।,আমাৰ ঘৰখন বৰ ডাঙৰ।
395,মৌচাকৰ মাজত মৌ থাকে।,মৌচাকৰ মাজত মৌ থাকে।
396,আজিৰ দিনটো সুন্দৰ।,আজিৰ দিনটো সুন্দৰ।
397,মই বিয়লি চাহ খাব।,তুমি বিয়লি চাহ খাব।
397,মই বিয়লি চাহ খাব।,আপুনি বিয়লি চাহ খাব।
398,মৌচাকৰ মাজত মৌ থাকে।,মৌচাকৰ মাজত মৌ থাকে।
399,ৰমা আৰু শ্যাম বিদ্যালয়লৈ গৈছিল।,ৰমা আৰু শ্যাম বিদ্যালয়লৈ গৈছিল।
400,তেওঁবোৰ বাগিছাত ফুল লাগিছে।,তেওঁবোৰ বাগিছাত ফুল লাগিছে।
401,মৌচাকৰ মাজত মৌ থাকে।,মৌচাকৰ মাজত মৌ থাকে।
402,আজিৰ দিনটো সুন্দৰ।,আজিৰ দিনটো সুন্দৰ।
403,মই বিয়লি চাহ খাব।,আপুনি বিয়লি চাহ খাব।
403,মই বিয়লি চাহ খাব।,তেওঁলোকে বিয়লি চাহ খাব।
404,আজিৰ দিনটো সুন্দৰ।,আজিৰ দিনটো সুন্দৰ।
405,তেওঁবোৰ বাগিছাত ফুল লাগিছে।,তেওঁবোৰ বাগিছাত ফুল লাগিছে।
406,তেওঁবোৰ বাগিছাত ফুল লাগিছে।,তেওঁবোৰ বাগিছাত ফুল লাগিছে।
407,বাপেকৰ নাম ৰমেশ।,বাপেকৰ নাম ৰমেশ।
408,তুমি কি বিদ্যালয়লৈ যাও?,তোমাৰ কি বিদ্যালয়লৈ যাও?
408,তুমি কি বিদ্যালয়লৈ যাও?,তেওঁ কি বিদ্যালয়লৈ যাও?
408,তুমি কি বিদ্যালয়লৈ যাও?,তেওঁলোকে কি বিদ্যালয়লৈ যাও?
409,আমাৰ ঘৰখন বৰ ডাঙৰ।,আমাৰ ঘৰখন বৰ ডাঙৰ।
410,মৌচাকৰ মাজত মৌ থাকে।,মৌচাকৰ মাজত মৌ থাকে।
411,আজিৰ দিনটো সুন্দৰ।,আজিৰ দিনটো সুন্দৰ।
412,আজিৰ দিনটো সুন্দৰ।,আজিৰ দিনটো সুন্দৰ।
413,তেওঁ খোৱা ধনিয়া পানীত।,তোৰ খোৱা ধনিয়া পানীত।
413,তেওঁ খোৱা ধনিয়া পানীত।,তুমি খোৱা ধনিয়া পানীত।
413,তেওঁ খোৱা ধনিয়া পানীত।,আপুনি খোৱা ধনিয়া পানীত।
414,তুমি কি বিদ্যালয়লৈ যাও?,তেওঁ কি বিদ্যালয়লৈ যাও?
414,তুমি কি বিদ্যালয়লৈ যাও?,তেওঁলোকে কি বিদ্যালয়লৈ যাও?
414,তুমি কি বিদ্যালয়লৈ যাও?,তোমাৰ কি বিদ্যালয়লৈ যাও?
415,আমাৰ ঘৰখন বৰ ডাঙৰ।,আমাৰ ঘৰখন বৰ ডাঙৰ।
416,আমাৰ ঘৰখন বৰ ডাঙৰ।,আমাৰ ঘৰখন বৰ ডাঙৰ।
417,তুমি কি বিদ্যালয়লৈ যাও?,আপুনি কি বিদ্যালয়লৈ যাও?
417,তুমি কি বিদ্যালয়লৈ যাও?,তোমাৰ কি বিদ্যালয়লৈ যাও?
417,তুমি কি বিদ্যালয়লৈ যাও?,মই কি বিদ্যালয়লৈ যাও?
417,তুমি কি বিদ্যালয়লৈ যাও?,তেওঁলোকে কি বিদ্যালয়লৈ যাও?
418,মই বিয়লি চাহ খাব।,তেওঁলোকে বিয়লি চাহ খাব।
418,মই বিয়লি চাহ খাব।,তেওঁ বিয়লি চাহ খাব।
419,মই বিয়লি চাহ খাব।,তুমি বিয়লি চাহ খাব।
419,মই বিয়লি চাহ খাব।,তেওঁ বিয়লি চাহ খাব।
419,মই বিয়লি চাহ খাব।,তোমাৰ বিয়লি চাহ খাব।
419,মই বিয়লি চাহ খাব।,তেওঁলোকে বিয়লি চাহ খাব।
420,মৌচাকৰ মাজত মৌ থাকে।,মৌচাকৰ মাজত মৌ থাকে।
421,আজিৰ দিনটো সুন্দৰ।,আজিৰ দিনটো সুন্দৰ।
422,তেওঁবোৰ বাগিছাত ফুল লাগিছে।,তেওঁবোৰ বাগিছাত ফুল লাগিছে।
423,আমাৰ ঘৰখন বৰ ডাঙৰ।,আমাৰ ঘৰখন বৰ ডাঙৰ।
424,তেওঁবোৰ বাগিছাত ফুল লাগিছে।,তেওঁবোৰ বাগিছাত ফুল লাগিছে।
425,মই বিয়লি চাহ খাব।,তেওঁলোকে বিয়লি চাহ খাব।
425,মই বিয়লি চাহ খাব।,তুমি বিয়লি চাহ খাব।
425,মই বিয়লি চাহ খাব।,তোমাৰ বিয়লি চাহ খাব।
426,তেওঁবোৰ বাগিছাত ফুল লাগিছে।,তেওঁবোৰ বাগিছাত ফুল লাগিছে।
427,আমাৰ ঘৰখন বৰ ডাঙৰ।,আমাৰ ঘৰখন বৰ ডাঙৰ।
428,আমাৰ ঘৰখন বৰ ডাঙৰ।,আমাৰ ঘৰখন বৰ ডাঙৰ।
429,তেওঁ খোৱা ধনিয়া পানীত।,তুমি খোৱা ধনিয়া পানীত।
429,তেওঁ খোৱা ধনিয়া পানীত।,আপুনি খোৱা ধনিয়া পানীত।
429,তেওঁ খোৱা ধনিয়া পানীত।,তেওঁলোকে খোৱা ধনিয়া পানীত।
430,বাপেকৰ নাম ৰমেশ।,বাপেকৰ নাম ৰমেশ।
431,শিলাদিত্য এটা ভাল মানুহ।,শিলাদিত্য এটা ভাল মানুহ।
432,ৰমা আৰু শ্যাম বিদ্যালয়লৈ গৈছিল।,ৰমা আৰু শ্যাম বিদ্যালয়লৈ গৈছিল।
433,তেওঁ খোৱা ধনিয়া পানীত।,আপুনি খোৱা ধনিয়া পানীত।
433,তেওঁ খোৱা ধনিয়া পানীত।,তোৰ খোৱা ধনিয়া পানীত।
433,তেওঁ খোৱা ধনিয়া পানীত।,মই খোৱা ধনিয়া পানীত।
434,তেওঁবোৰ বাগিছাত ফুল লাগিছে।,তেওঁবোৰ বাগিছাত ফুল লাগিছে।
435,তেওঁবোৰ বাগিছাত ফুল লাগিছে।,তেওঁবোৰ বাগিছাত ফুল লাগিছে।
436,আমাৰ ঘৰখন বৰ ডাঙৰ।,আমাৰ ঘৰখন বৰ ডাঙৰ।
437,তেওঁবোৰ বাগিছাত ফুল লাগিছে।,তেওঁবোৰ বাগিছাত ফুল লাগিছে।
438,মই বিয়লি চাহ খাব।,তোমাৰ বিয়লি চাহ খাব।
438,মই বিয়লি চাহ খাব।,তেওঁ বিয়লি চাহ খাব।
438,মই বিয়লি চাহ খাব।,আপুনি বিয়লি চাহ খাব।
438,মই বিয়লি চাহ খাব।,তেওঁলোকে বিয়লি চাহ খাব।
439,তেওঁবোৰ বাগিছাত ফুল লাগিছে।,তেওঁবোৰ বাগিছাত ফুল লাগিছে।
440,বাপেকৰ নাম ৰমেশ।,বাপেকৰ নাম ৰমেশ।
441,আমাৰ ঘৰখন বৰ ডাঙৰ।,আমাৰ ঘৰখন বৰ ডাঙৰ।
442,আমাৰ ঘৰখন বৰ ডাঙৰ।,আমাৰ ঘৰখন বৰ ডাঙৰ।
443,বাপেকৰ নাম ৰমেশ।,বাপেকৰ নাম ৰমেশ।
444,ৰমা আৰু শ্যাম বিদ্যালয়লৈ গৈছিল।,ৰমা আৰু শ্যাম বিদ্যালয়লৈ গৈছিল।
445,মৌচাকৰ মাজত মৌ থাকে।,মৌচাকৰ মাজত মৌ থাকে।
446,মৌচাকৰ মাজত মৌ থাকে।,মৌচাকৰ মাজত মৌ থাকে।
447,আমাৰ ঘৰখন বৰ ডাঙৰ।,আমাৰ ঘৰখন বৰ ডাঙৰ।
448,মই বিয়লি চাহ খাব।,তেওঁ বিয়লি চাহ খাব।
448,মই বিয়লি চাহ খাব।,আপুনি বিয়লি চাহ খাব।
448,মই বিয়লি চাহ খাব।,তুমি বিয়লি চাহ খাব।
449,মৌচাকৰ মাজত মৌ থাকে।,মৌচাকৰ মাজত মৌ থাকে।
450,মই বিয়লি চাহ খাব।,তোমাৰ বিয়লি চাহ খাব।
450,মই বিয়লি চাহ খাব।,তেওঁলোকে বিয়লি চাহ খাব।
450,মই বিয়লি চাহ খাব।,তেওঁ বিয়লি চাহ খাব।
450,মই বিয়লি চাহ খাব।,আপুনি বিয়লি চাহ খাব।
451,বাপেকৰ নাম ৰমেশ।,বাপেকৰ নাম ৰমেশ।
452,আমাৰ ঘৰখন বৰ ডাঙৰ।,আমাৰ ঘৰখন বৰ ডাঙৰ।
453,শিলাদিত্য এটা ভাল মানুহ।,শিলাদিত্য এটা ভাল মানুহ।
454,তেওঁবোৰ বাগিছাত ফুল লাগিছে।,তেওঁবোৰ বাগিছাত ফুল লাগিছে।
455,তুমি কি বিদ্যালয়লৈ যাও?,তেওঁলোকে কি বিদ্যালয়লৈ যাও?
455,তুমি কি বিদ্যালয়লৈ যাও?,তোমাৰ কি বিদ্যালয়লৈ যাও?
455,তুমি কি বিদ্যালয়লৈ যাও?,তেওঁ কি বিদ্যালয়লৈ যাও?
455,তুমি কি বিদ্যালয়লৈ যাও?,আপুনি কি বিদ্যালয়লৈ যাও?
456,মই বিয়লি চাহ খাব।,আপুনি বিয়লি চাহ খাব।
456,মই বিয়লি চাহ খাব।,তুমি বিয়লি চাহ খাব।
456,মই বিয়লি চাহ খাব।,তেওঁলোকে বিয়লি চাহ খাব।
457,শিলাদিত্য এটা ভাল মানুহ।,শিলাদিত্য এটা ভাল মানুহ।
458,শিলাদিত্য এটা ভাল মানুহ।,শিলাদিত্য এটা ভাল মানুহ।
459,বাপেকৰ নাম ৰমেশ।,বাপেকৰ নাম ৰমেশ।
460,তুমি কি বিদ্যালয়লৈ যাও?,তেওঁ কি বিদ্যালয়লৈ যাও?
460,তুমি কি বিদ্যালয়লৈ যাও?,আপুনি কি বিদ্যালয়লৈ যাও?
460,তুমি কি বিদ্যালয়লৈ যাও?,তেওঁলোকে কি বিদ্যালয়লৈ যাও?
461,তুমি কি বিদ্যালয়লৈ যাও?,তোমাৰ কি বিদ্যালয়লৈ যাও?
461,তুমি কি বিদ্যালয়লৈ যাও?,তেওঁলোকে কি বিদ্যালয়লৈ যাও?
462,শিলাদিত্য এটা ভাল মানুহ।,শিলাদিত্য এটা ভাল মানুহ।
463,শিলাদিত্য এটা ভাল মানুহ।,শিলাদিত্য এটা ভাল মানুহ।
464,ৰমা আৰু শ্যাম বিদ্যালয়লৈ গৈছিল।,ৰমা আৰু শ্যাম বিদ্যালয়লৈ গৈছিল।
465,তেওঁ খোৱা ধনিয়া পানীত।,তেওঁলোকে খোৱা ধনিয়া পানীত।
465,তেওঁ খোৱা ধনিয়া পানীত।,মই খোৱা ধনিয়া পানীত।
466,মই বিয়লি চাহ খাব।,তুমি বিয়লি চাহ খাব।
466,মই বিয়লি চাহ খাব।,তেওঁলোকে বিয়লি চাহ খাব।
466,মই বিয়লি চাহ খাব।,আপুনি বিয়লি চাহ খাব।
466,মই বিয়লি চাহ খাব।,তেওঁ বিয়লি চাহ খাব।
467,আমাৰ ঘৰখন বৰ ডাঙৰ।,আমাৰ ঘৰখন বৰ ডাঙৰ।
468,তেওঁবোৰ বাগিছাত ফুল লাগিছে।,তেওঁবোৰ বাগিছাত ফুল লাগিছে।
469,তেওঁ খোৱা ধনিয়া পানীত।,তেওঁলোকে খোৱা ধনিয়া পানীত।
469,তেওঁ খোৱা ধনিয়া পানীত।,মই খোৱা ধনিয়া পানীত।
469,তেওঁ খোৱা ধনিয়া পানীত।,আপুনি খোৱা ধনিয়া পানীত।
470,মৌচাকৰ মাজত মৌ থাকে।,মৌচাকৰ মাজত মৌ থাকে।
471,বাপেকৰ নাম ৰমেশ।,বাপেকৰ নাম ৰমেশ।
472,আজিৰ দিনটো সুন্দৰ।,আজিৰ দিনটো সুন্দৰ।
473,বাপেকৰ নাম ৰমেশ।,বাপেকৰ নাম ৰমেশ।
474,তেওঁবোৰ বাগিছাত ফুল লাগিছে।,তেওঁবোৰ বাগিছাত ফুল লাগিছে।
475,মই বিয়লি চাহ খাব।,তুমি বিয়লি চাহ খাব।
475,মই বিয়লি চাহ খাব।,তেওঁলোকে বিয়লি চাহ খাব।
475,মই বিয়লি চাহ খাব।,আপুনি বিয়লি চাহ খাব।
476,মই বিয়লি চাহ খাব।,তুমি বিয়লি চাহ খাব।
476,মই বিয়লি চাহ খাব।,তেওঁ বিয়লি চাহ খাব।
477,তেওঁবোৰ বাগিছাত ফুল লাগিছে।,তেওঁবোৰ বাগিছাত ফুল লাগিছে।
478,মই বিয়লি চাহ খাব।,তেওঁ বিয়লি চাহ খাব।
478,মই বিয়লি চাহ খাব।,আপুনি বিয়লি চাহ খাব।
478,মই বিয়লি চাহ খাব।,তেওঁলোকে বিয়লি চাহ খাব।
479,আজিৰ দিনটো সুন্দৰ।,আজিৰ দিনটো সুন্দৰ।
480,তেওঁবোৰ বাগিছাত ফুল লাগিছে।,তেওঁবোৰ বাগিছাত ফুল লাগিছে।
481,বাপেকৰ নাম ৰমেশ।,বাপেকৰ নাম ৰমেশ।
482,তেওঁ খোৱা ধনিয়া পানীত।,তোৰ খোৱা ধনিয়া পানীত।
482,তেওঁ খোৱা ধনিয়া পানীত।,তুমি খোৱা ধনিয়া পানীত।
483,আমাৰ ঘৰখন বৰ ডাঙৰ।,আমাৰ ঘৰখন বৰ ডাঙৰ।
484,মৌচাকৰ মাজত মৌ থাকে।,মৌচাকৰ মাজত মৌ থাকে।
485,আজিৰ দিনটো সুন্দৰ।,আজিৰ দিনটো সুন্দৰ।
486,মৌচাকৰ মাজত মৌ থাকে।,মৌচাকৰ মাজত মৌ থাকে।
487,তুমি কি বিদ্যালয়লৈ যাও?,তেওঁলোকে কি বিদ্যালয়লৈ যাও?
487,তুমি কি বিদ্যালয়লৈ যাও?,তোমাৰ কি বিদ্যালয়লৈ যাও?
487,তুমি কি বিদ্যালয়লৈ যাও?,মই কি বিদ্যালয়লৈ যাও?
488,মৌচাকৰ মাজত মৌ থাকে।,মৌচাকৰ মাজত মৌ থাকে।
489,ৰমা আৰু শ্যাম বিদ্যালয়লৈ গৈছিল।,ৰমা আৰু শ্যাম বিদ্যালয়লৈ গৈছিল।
490,বাপেকৰ নাম ৰমেশ।,বাপেকৰ নাম ৰমেশ।
491,শিলাদিত্য এটা ভাল মানুহ।,শিলাদিত্য এটা ভাল মানুহ।
492,আমাৰ ঘৰখন বৰ ডাঙৰ।,আমাৰ ঘৰখন বৰ ডাঙৰ।
493,মই বিয়লি চাহ খাব।,আপুনি বিয়লি চাহ খাব।
493,মই বিয়লি চাহ খাব।,তেওঁলোকে বিয়লি চাহ খাব।
493,মই বিয়লি চাহ খাব।,তেওঁ বিয়লি চাহ খাব।
494,আমাৰ ঘৰখন বৰ ডাঙৰ।,আমাৰ ঘৰখন বৰ ডাঙৰ।
495,ৰমা আৰু শ্যাম বিদ্যালয়লৈ গৈছিল।,ৰমা আৰু শ্যাম বিদ্যালয়লৈ গৈছিল।
496,আমাৰ ঘৰখন বৰ ডাঙৰ।,আমাৰ ঘৰখন বৰ ডাঙৰ।
497,তুমি কি বিদ্যালয়লৈ যাও?,আপুনি কি বিদ্যালয়লৈ যাও?
497,তুমি কি বিদ্যালয়লৈ যাও?,মই কি বিদ্যালয়লৈ যাও?
497,তুমি কি বিদ্যালয়লৈ যাও?,তেওঁলোকে কি বিদ্যালয়লৈ যাও?
497,তুমি কি বিদ্যালয়লৈ যাও?,তোমাৰ কি বিদ্যালয়লৈ যাও?
498,তেওঁবোৰ বাগিছাত ফুল লাগিছে।,তেওঁবোৰ বাগিছাত ফুল লাগিছে।
499,মৌচাকৰ মাজত মৌ থাকে।,মৌচাকৰ মাজত মৌ থাকে।
500,মই বিয়লি চাহ খাব।,আপুনি বিয়লি চাহ খাব।
500,মই বিয়লি চাহ খাব।,তেওঁ বিয়লি চাহ খাব।
500,মই বিয়লি চাহ খাব।,তোমাৰ বিয়লি চাহ খাব।
501,মৌচাকৰ মাজত মৌ থাকে।,মৌচাকৰ মাজত মৌ থাকে।
502,আমাৰ ঘৰখন বৰ ডাঙৰ।,আমাৰ ঘৰখন বৰ ডাঙৰ।
503,আজিৰ দিনটো সুন্দৰ।,আজিৰ দিনটো সুন্দৰ।
504,ৰমা আৰু শ্যাম বিদ্যালয়লৈ গৈছিল।,ৰমা আৰু শ্যাম বিদ্যালয়লৈ গৈছিল।
505,তেওঁবোৰ বাগিছাত ফুল লাগিছে।,তেওঁবোৰ বাগিছাত ফুল লাগিছে।
506,তেওঁ খোৱা ধনিয়া পানীত।,তেওঁলোকে খোৱা ধনিয়া পানীত।
506,তেওঁ খোৱা ধনিয়া পানীত।,তুমি খোৱা ধনিয়া পানীত।
506,তেওঁ খোৱা ধনিয়া পানীত।,আপুনি খোৱা ধনিয়া পানীত।
507,মই বিয়লি চাহ খাব।,আপুনি বিয়লি চাহ খাব।
507,মই বিয়লি চাহ খাব।,তোমাৰ বিয়লি চাহ খাব।
508,তেওঁবোৰ বাগিছাত ফুল লাগিছে।,তেওঁবোৰ বাগিছাত ফুল লাগিছে।
509,তেওঁ খোৱা ধনিয়া পানীত।,আপুনি খোৱা ধনিয়া পানীত।
509,তেওঁ খোৱা ধনিয়া পানীত।,তেওঁলোকে খোৱা ধনিয়া পানীত।
509,তেওঁ খোৱা ধনিয়া পানীত।,তোৰ খোৱা ধনিয়া পানীত।
510,তুমি কি বিদ্যালয়লৈ যাও?,তোমাৰ কি বিদ্যালয়লৈ যাও?
510,তুমি কি বিদ্যালয়লৈ যাও?,তেওঁলোকে কি বিদ্যালয়লৈ যাও?
510,তুমি কি বিদ্যালয়লৈ যাও?,মই কি বিদ্যালয়লৈ যাও?
511,তেওঁবোৰ বাগিছাত ফুল লাগিছে।,তেওঁবোৰ বাগিছাত ফুল লাগিছে।
512,তেওঁবোৰ বাগিছাত ফুল লাগিছে।,তেওঁবোৰ বাগিছাত ফুল লাগিছে।
513,বাপেকৰ নাম ৰমেশ।,বাপেকৰ নাম ৰমেশ।
514,ৰমা আৰু শ্যাম বিদ্যালয়লৈ গৈছিল।,ৰমা আৰু শ্যাম বিদ্যালয়লৈ গৈছিল।
515,তুমি কি বিদ্যালয়লৈ যাও?,মই কি বিদ্যালয়লৈ যাও?
515,তুমি কি বিদ্যালয়লৈ যাও?,তোমাৰ কি বিদ্যালয়লৈ যাও?
515,তুমি কি বিদ্যালয়লৈ যাও?,তেওঁলোকে কি বিদ্যালয়লৈ যাও?
516,আমাৰ ঘৰখন বৰ ডাঙৰ।,আমাৰ ঘৰখন বৰ ডাঙৰ।
517,বাপেকৰ নাম ৰমেশ।,বাপেকৰ নাম ৰমেশ।
518,আজিৰ দিনটো সুন্দৰ।,আজিৰ দিনটো সুন্দৰ।
519,তেওঁ খোৱা ধনিয়া পানীত।,তুমি খোৱা ধনিয়া পানীত।
519,তেওঁ খোৱা ধনিয়া পানীত।,মই খোৱা ধনিয়া পানীত।
519,তেওঁ খোৱা ধনিয়া পানীত।,তোৰ খোৱা ধনিয়া পানীত।
520,ৰমা আৰু শ্যাম বিদ্যালয়লৈ গৈছিল।,ৰমা আৰু শ্যাম বিদ্যালয়লৈ গৈছিল।
521,ৰমা আৰু শ্যাম বিদ্যালয়লৈ গৈছিল।,ৰমা আৰু শ্যাম বিদ্যালয়লৈ গৈছিল।
522,বাপেকৰ নাম ৰমেশ।,বাপেকৰ নাম ৰমেশ।
523,আমাৰ ঘৰখন বৰ ডাঙৰ।,আমাৰ ঘৰখন বৰ ডাঙৰ।
524,ৰমা আৰু শ্যাম বিদ্যালয়লৈ গৈছিল।,ৰমা আৰু শ্যাম বিদ্যালয়লৈ গৈছিল।
525,তেওঁ খোৱা ধনিয়া পানীত।,তুমি খোৱা ধনিয়া পানীত।
525,তেওঁ খোৱা ধনিয়া পানীত।,তেওঁলোকে খোৱা ধনিয়া পানীত।
525,তেওঁ খোৱা ধনিয়া পানীত।,তোৰ খোৱা ধনিয়া পানীত।
526,আজিৰ দিনটো সুন্দৰ।,আজিৰ দিনটো সুন্দৰ।
527,ৰমা আৰু শ্যাম বিদ্যালয়লৈ গৈছিল।,ৰমা আৰু শ্যাম বিদ্যালয়লৈ গৈছিল।
528,মৌচাকৰ মাজত মৌ থাকে।,মৌচাকৰ মাজত মৌ থাকে।
529,আজিৰ দিনটো সুন্দৰ।,আজিৰ দিনটো সুন্দৰ।
530,তেওঁ খোৱা ধনিয়া পানীত।,তোৰ খোৱা ধনিয়া পানীত।
530,তেওঁ খোৱা ধনিয়া পানীত।,তুমি খোৱা ধনিয়া পানীত।
530,তেওঁ খোৱা ধনিয়া পানীত।,তেওঁলোকে খোৱা ধনিয়া পানীত।
530,তেওঁ খোৱা ধনিয়া পানীত।,আপুনি খোৱা ধনিয়া পানীত।
531,মই বিয়লি চাহ খাব।,তেওঁলোকে বিয়লি চাহ খাব।
531,মই বিয়লি চাহ খাব।,তোমাৰ বিয়লি চাহ খাব।
531,মই বিয়লি চাহ খাব।,তুমি বিয়লি চাহ খাব।
532,মৌচাকৰ মাজত মৌ থাকে।,মৌচাকৰ মাজত মৌ থাকে।
533,আজিৰ দিনটো সুন্দৰ।,আজিৰ দিনটো সুন্দৰ।
534,আজিৰ দিনটো সুন্দৰ।,আজিৰ দিনটো সুন্দৰ।
535,আমাৰ ঘৰখন বৰ ডাঙৰ।,আমাৰ ঘৰখন বৰ ডাঙৰ।
536,তুমি কি বিদ্যালয়লৈ যাও?,তেওঁলোকে কি বিদ্যালয়লৈ যাও?
536,তুমি কি বিদ্যালয়লৈ যাও?,তোমাৰ কি বিদ্যালয়লৈ যাও?
537,আজিৰ দিনটো সুন্দৰ।,আজিৰ দিনটো সুন্দৰ।
538,মৌচাকৰ মাজত মৌ থাকে।,মৌচাকৰ মাজত মৌ থাকে।
539,তুমি কি বিদ্যালয়লৈ যাও?,মই কি বিদ্যালয়লৈ যাও?
539,তুমি কি বিদ্যালয়লৈ যাও?,তেওঁলোকে কি বিদ্যালয়লৈ যাও?
540,তেওঁবোৰ বাগিছাত ফুল লাগিছে।,তেওঁবোৰ বাগিছাত ফুল লাগিছে।
541,আজিৰ দিনটো সুন্দৰ।,আজিৰ দিনটো সুন্দৰ।
542,শিলাদিত্য এটা ভাল মানুহ।,শিলাদিত্য এটা ভাল মানুহ।
543,শিলাদিত্য এটা ভাল মানুহ।,শিলাদিত্য এটা ভাল মানুহ।
544,মৌচাকৰ মাজত মৌ থাকে।,মৌচাকৰ মাজত মৌ থাকে।
545,বাপেকৰ নাম ৰমেশ।,বাপেকৰ নাম ৰমেশ।
546,তেওঁবোৰ বাগিছাত ফুল লাগিছে।,তেওঁবোৰ বাগিছাত ফুল লাগিছে।
547,তেওঁবোৰ বাগিছাত ফুল লাগিছে।,তেওঁবোৰ বাগিছাত ফুল লাগিছে।
548,তেওঁবোৰ বাগিছাত ফুল লাগিছে।,তেওঁবোৰ বাগিছাত ফুল লাগিছে।
549,শিলাদিত্য এটা ভাল মানুহ।,শিলাদিত্য এটা ভাল মানুহ।
550,তেওঁবোৰ বাগিছাত ফুল লাগিছে।,তেওঁবোৰ বাগিছাত ফুল লাগিছে।
551,মই বিয়লি চাহ খাব।,তেওঁলোকে বিয়লি চাহ খাব।
551,মই বিয়লি চাহ খাব।,তুমি বিয়লি চাহ খাব।
552,মৌচাকৰ মাজত মৌ থাকে।,মৌচাকৰ মাজত মৌ থাকে।
553,মৌচাকৰ মাজত মৌ থাকে।,মৌচাকৰ মাজত মৌ থাকে।
554,বাপেকৰ নাম ৰমেশ।,বাপেকৰ নাম ৰমেশ।
555,আজিৰ দিনটো সুন্দৰ।,আজিৰ দিনটো সুন্দৰ।
556,তুমি কি বিদ্যালয়লৈ যাও?,মই কি বিদ্যালয়লৈ যাও?
556,তুমি কি বিদ্যালয়লৈ যাও?,আপুনি কি বিদ্যালয়লৈ যাও?
556,তুমি কি বিদ্যালয়লৈ যাও?,তেওঁলোকে কি বিদ্যালয়লৈ যাও?
557,বাপেকৰ নাম ৰমেশ।,বাপেকৰ নাম ৰমেশ।
558,মই বিয়লি চাহ খাব।,আপুনি বিয়লি চাহ খাব।
558,মই বিয়লি চাহ খাব।,তুমি বিয়লি চাহ খাব।
558,মই বিয়লি চাহ খাব।,তেওঁ বিয়লি চাহ খাব।
558,মই বিয়লি চাহ খাব।,তেওঁলোকে বিয়লি চাহ খাব।
559,মৌচাকৰ মাজত মৌ থাকে।,মৌচাকৰ মাজত মৌ থাকে।
560,তেওঁ খোৱা ধনিয়া পানীত।,আপুনি খোৱা ধনিয়া পানীত।
560,তেওঁ খোৱা ধনিয়া পানীত।,তেওঁলোকে খোৱা ধনিয়া পানীত।
560,তেওঁ খোৱা ধনিয়া পানীত।,তোৰ খোৱা ধনিয়া পানীত।
560,তেওঁ খোৱা ধনিয়া পানীত।,মই খোৱা ধনিয়া পানীত।
561,আমাৰ ঘৰখন বৰ ডাঙৰ।,আমাৰ ঘৰখন বৰ ডাঙৰ।
562,আমাৰ ঘৰখন বৰ ডাঙৰ।,আমাৰ ঘৰখন বৰ ডাঙৰ।
563,আমাৰ ঘৰখন বৰ ডাঙৰ।,আমাৰ ঘৰখন বৰ ডাঙৰ।
564,শিলাদিত্য এটা ভাল মানুহ।,শিলাদিত্য এটা ভাল মানুহ।
565,আমাৰ ঘৰখন বৰ ডাঙৰ।,আমাৰ ঘৰখন বৰ ডাঙৰ।
566,শিলাদিত্য এটা ভাল মানুহ।,শিলাদিত্য এটা ভাল মানুহ।
567,ৰমা আৰু শ্যাম বিদ্যালয়লৈ গৈছিল।,ৰমা আৰু শ্যাম বিদ্যালয়লৈ গৈছিল।
568,মৌচাকৰ মাজত মৌ থাকে।,মৌচাকৰ মাজত মৌ থাকে।
569,তুমি কি বিদ্যালয়লৈ যাও?,মই কি বিদ্যালয়লৈ যাও?
569,তুমি কি বিদ্যালয়লৈ যাও?,তেওঁলোকে কি বিদ্যালয়লৈ যাও?
570,বাপেকৰ নাম ৰমেশ।,বাপেকৰ নাম ৰমেশ।
571,তুমি কি বিদ্যালয়লৈ যাও?,তেওঁলোকে কি বিদ্যালয়লৈ যাও?
571,তুমি কি বিদ্যালয়লৈ যাও?,তোমাৰ কি বিদ্যালয়লৈ যাও?
571,তুমি কি বিদ্যালয়লৈ যাও?,মই কি বিদ্যালয়লৈ যাও?
572,মৌচাকৰ মাজত মৌ থাকে।,মৌচাকৰ মাজত মৌ থাকে।
573,আজিৰ দিনটো সুন্দৰ।,আজিৰ দিনটো সুন্দৰ।
574,মৌচাকৰ মাজত মৌ থাকে।,মৌচাকৰ মাজত মৌ থাকে।
575,মৌচাকৰ মাজত মৌ থাকে।,মৌচাকৰ মাজত মৌ থাকে।
576,শিলাদিত্য এটা ভাল মানুহ।,শিলাদিত্য এটা ভাল মানুহ।
577,বাপেকৰ নাম ৰমেশ।,বাপেকৰ নাম ৰমেশ।
578,মই বিয়লি চাহ খাব।,তেওঁলোকে বিয়লি চাহ খাব।
578,মই বিয়লি চাহ খাব।,তুমি বিয়লি চাহ খাব।
578,মই বিয়লি চাহ খাব।,তোমাৰ বিয়লি চাহ খাব।
578,মই বিয়লি চাহ খাব।,আপুনি বিয়লি চাহ খাব।
579,বাপেকৰ নাম ৰমেশ।,বাপেকৰ নাম ৰমেশ।
580,তেওঁবোৰ বাগিছাত ফুল লাগিছে।,তেওঁবোৰ বাগিছাত ফুল লাগিছে।
581,তেওঁ খোৱা ধনিয়া পানীত।,মই খোৱা ধনিয়া পানীত।
581,তেওঁ খোৱা ধনিয়া পানীত।,তোৰ খোৱা ধনিয়া পানীত।
581,তেওঁ খোৱা ধনিয়া পানীত।,তুমি খোৱা ধনিয়া পানীত।
582,আমাৰ ঘৰখন বৰ ডাঙৰ।,আমাৰ ঘৰখন বৰ ডাঙৰ।
583,মই বিয়লি চাহ খাব।,আপুনি বিয়লি চাহ খাব।
583,মই বিয়লি চাহ খাব।,তেওঁলোকে বিয়লি চাহ খাব।
583,মই বিয়লি চাহ খাব।,তোমাৰ বিয়লি চাহ খাব।
583,মই বিয়লি চাহ খাব।,তুমি বিয়লি চাহ খাব।
584,তেওঁ খোৱা ধনিয়া পানীত।,তেওঁলোকে খোৱা ধনিয়া পানীত।
584,তেওঁ খোৱা ধনিয়া পানীত।,আপুনি খোৱা ধনিয়া পানীত।
584,তেওঁ খোৱা ধনিয়া পানীত।,মই খোৱা ধনিয়া পানীত।
584,তেওঁ খোৱা ধনিয়া পানীত।,তোৰ খোৱা ধনিয়া পানীত।
585,তেওঁবোৰ বাগিছাত ফুল লাগিছে।,তেওঁবোৰ বাগিছাত ফুল লাগিছে।
586,বাপেকৰ নাম ৰমেশ।,বাপেকৰ নাম ৰমেশ।
587,ৰমা আৰু শ্যাম বিদ্যালয়লৈ গৈছিল।,ৰমা আৰু শ্যাম বিদ্যালয়লৈ গৈছিল।
588,তুমি কি বিদ্যালয়লৈ যাও?,আপুনি কি বিদ্যালয়লৈ যাও?
588,তুমি কি বিদ্যালয়লৈ যাও?,তেওঁ কি বিদ্যালয়লৈ যাও?
589,তেওঁবোৰ বাগিছাত ফুল লাগিছে।,তেওঁবোৰ বাগিছাত ফুল লাগিছে।
590,তুমি কি বিদ্যালয়লৈ যাও?,আপুনি কি বিদ্যালয়লৈ যাও?
590,তুমি কি বিদ্যালয়লৈ যাও?,তোমাৰ কি বিদ্যালয়লৈ যাও?
591,মৌচাকৰ মাজত মৌ থাকে।,মৌচাকৰ মাজত মৌ থাকে।
592,ৰমা আৰু শ্যাম বিদ্যালয়লৈ গৈছিল।,ৰমা আৰু শ্যাম বিদ্যালয়লৈ গৈছিল।
593,মই বিয়লি চাহ খাব।,তুমি বিয়লি চাহ খাব।
593,মই বিয়লি চাহ খাব।,আপুনি বিয়লি চাহ খাব।
593,মই বিয়লি চাহ খাব।,তোমাৰ বিয়লি চাহ খাব।
594,শিলাদিত্য এটা ভাল মানুহ।,শিলাদিত্য এটা ভাল মানুহ।
595,আজিৰ দিনটো সুন্দৰ।,আজিৰ দিনটো সুন্দৰ।
596,আমাৰ ঘৰখন বৰ ডাঙৰ।,আমাৰ ঘৰখন বৰ ডাঙৰ।
597,আমাৰ ঘৰখন বৰ ডাঙৰ।,আমাৰ ঘৰখন বৰ ডাঙৰ।
598,বাপেকৰ নাম ৰমেশ।,বাপেকৰ নাম ৰমেশ।
599,বাপেকৰ নাম ৰমেশ।,বাপেকৰ নাম ৰমেশ।
600,তুমি কি বিদ্যালয়লৈ যাও?,তেওঁলোকে কি বিদ্যালয়লৈ যাও?
600,তুমি কি বিদ্যালয়লৈ যাও?,তোমাৰ কি বিদ্যালয়লৈ যাও?
600,তুমি কি বিদ্যালয়লৈ যাও?,আপুনি কি বিদ্যালয়লৈ যাও?
601,মই বিয়লি চাহ খাব।,তেওঁলোকে বিয়লি চাহ খাব।
601,মই বিয়লি চাহ খাব।,তোমাৰ বিয়লি চাহ খাব।
601,মই বিয়লি চাহ খাব।,তুমি বিয়লি চাহ খাব।
601,মই বিয়লি চাহ খাব।,তেওঁ বিয়লি চাহ খাব।
602,তেওঁবোৰ বাগিছাত ফুল লাগিছে।,তেওঁবোৰ বাগিছাত ফুল লাগিছে।
603,শিলাদিত্য এটা ভাল মানুহ।,শিলাদিত্য এটা ভাল মানুহ।
604,তুমি কি বিদ্যালয়লৈ যাও?,আপুনি কি বিদ্যালয়লৈ যাও?
604,তুমি কি বিদ্যালয়লৈ যাও?,তেওঁ কি বিদ্যালয়লৈ যাও?
604,তুমি কি বিদ্যালয়লৈ যাও?,মই কি বিদ্যালয়লৈ যাও?
605,আজিৰ দিনটো সুন্দৰ।,আজিৰ দিনটো সুন্দৰ।
606,আমাৰ ঘৰখন বৰ ডাঙৰ।,আমাৰ ঘৰখন বৰ ডাঙৰ।
607,শিলাদিত্য এটা ভাল মানুহ।,শিলাদিত্য এটা ভাল মানুহ।
608,তুমি কি বিদ্যালয়লৈ যাও?,তেওঁ কি বিদ্যালয়লৈ যাও?
608,তুমি কি বিদ্যালয়লৈ যাও?,আপুনি কি বিদ্যালয়লৈ যাও?
608,তুমি কি বিদ্যালয়লৈ যাও?,তোমাৰ কি বিদ্যালয়লৈ যাও?
609,তেওঁবোৰ বাগিছাত ফুল লাগিছে।,তেওঁবোৰ বাগিছাত ফুল লাগিছে।
610,বাপেকৰ নাম ৰমেশ।,বাপেকৰ নাম ৰমেশ।
611,আজিৰ দিনটো সুন্দৰ।,আজিৰ দিনটো সুন্দৰ।
612,শিলাদিত্য এটা ভাল মানুহ।,শিলাদিত্য এটা ভাল মানুহ।
613,শিলাদিত্য এটা ভাল মানুহ।,শিলাদিত্য এটা ভাল মানুহ।
614,আজিৰ দিনটো সুন্দৰ।,আজিৰ দিনটো সুন্দৰ।
615,আমাৰ ঘৰখন বৰ ডাঙৰ।,আমাৰ ঘৰখন বৰ ডাঙৰ।
616,ৰমা আৰু শ্যাম বিদ্যালয়লৈ গৈছিল।,ৰমা আৰু শ্যাম বিদ্যালয়লৈ গৈছিল।
617,তুমি কি বিদ্যালয়লৈ যাও?,মই কি বিদ্যালয়লৈ যাও?
617,তুমি কি বিদ্যালয়লৈ যাও?,আপুনি কি বিদ্যালয়লৈ যাও?
617,তুমি কি বিদ্যালয়লৈ যাও?,তেওঁলোকে কি বিদ্যালয়লৈ যাও?
618,আজিৰ দিনটো সুন্দৰ।,আজিৰ দিনটো সুন্দৰ।
619,শিলাদিত্য এটা ভাল মানুহ।,শিলাদিত্য এটা ভাল মানুহ।
620,বাপেকৰ নাম ৰমেশ।,বাপেকৰ নাম ৰমেশ।
621,মৌচাকৰ মাজত মৌ থাকে।,মৌচাকৰ মাজত মৌ থাকে।
622,তুমি কি বিদ্যালয়লৈ যাও?,তেওঁ কি বিদ্যালয়লৈ যাও?
622,তুমি কি বিদ্যালয়লৈ যাও?,আপুনি কি বিদ্যালয়লৈ যাও?
623,আমাৰ ঘৰখন বৰ ডাঙৰ।,আমাৰ ঘৰখন বৰ ডাঙৰ।
624,আমাৰ ঘৰখন বৰ ডাঙৰ।,আমাৰ ঘৰখন বৰ ডাঙৰ।
625,বাপেকৰ নাম ৰমেশ।,বাপেকৰ নাম ৰমেশ।
626,তেওঁবোৰ বাগিছাত ফুল লাগিছে।,তেওঁবোৰ বাগিছাত ফুল লাগিছে।
627,তেওঁবোৰ বাগিছাত ফুল লাগিছে।,তেওঁবোৰ বাগিছাত ফুল লাগিছে।
628,শিলাদিত্য এটা ভাল মানুহ।,শিলাদিত্য এটা ভাল মানুহ।
629,আমাৰ ঘৰখন বৰ ডাঙৰ।,আমাৰ ঘৰখন বৰ ডাঙৰ।
630,বাপেকৰ নাম ৰমেশ।,বাপেকৰ নাম ৰমেশ।
631,ৰমা আৰু শ্যাম বিদ্যালয়লৈ গৈছিল।,ৰমা আৰু শ্যাম বিদ্যালয়লৈ গৈছিল।
632,মৌচাকৰ মাজত মৌ থাকে।,মৌচাকৰ মাজত মৌ থাকে।
633,তেওঁ খোৱা ধনিয়া পানীত।,তেওঁলোকে খোৱা ধনিয়া পানীত।
633,তেওঁ খোৱা ধনিয়া পানীত।,আপুনি খোৱা ধনিয়া পানীত।
633,তেওঁ খোৱা ধনিয়া পানীত।,তোৰ খোৱা ধনিয়া পানীত।
634,মই বিয়লি চাহ খাব।,তেওঁ বিয়লি চাহ খাব।
634,মই বিয়লি চাহ খাব।,তেওঁলোকে বিয়লি চাহ খাব।
634,মই বিয়লি চাহ খাব।,তোমাৰ বিয়লি চাহ খাব।
635,বাপেকৰ নাম ৰমেশ।,বাপেকৰ নাম ৰমেশ।
636,বাপেকৰ নাম ৰমেশ।,বাপেকৰ নাম ৰমেশ।
637,মৌচাকৰ মাজত মৌ থাকে।,মৌচাকৰ মাজত মৌ থাকে।
638,তেওঁ খোৱা ধনিয়া পানীত।,আপুনি খোৱা ধনিয়া পানীত।
638,তেওঁ খোৱা ধনিয়া পানীত।,তুমি খোৱা ধনিয়া পানীত।
638,তেওঁ খোৱা ধনিয়া পানীত।,তেওঁলোকে খোৱা ধনিয়া পানীত।
638,তেওঁ খোৱা ধনিয়া পানীত।,মই খোৱা ধনিয়া পানীত।
639,তেওঁবোৰ বাগিছাত ফুল লাগিছে।,তেওঁবোৰ বাগিছাত ফুল লাগিছে।
640,তেওঁবোৰ বাগিছাত ফুল লাগিছে।,তেওঁবোৰ বাগিছাত ফুল লাগিছে।
641,তেওঁবোৰ বাগিছাত ফুল লাগিছে।,তেওঁবোৰ বাগিছাত ফুল লাগিছে।
642,বাপেকৰ নাম ৰমেশ।,বাপেকৰ নাম ৰমেশ।
643,মই বিয়লি চাহ খাব।,তেওঁলোকে বিয়লি চাহ খাব।
643,মই বিয়লি চাহ খাব।,তেওঁ বিয়লি চাহ খাব।
644,আমাৰ ঘৰখন বৰ ডাঙৰ।,আমাৰ ঘৰখন বৰ ডাঙৰ।
645,বাপেকৰ নাম ৰমেশ।,বাপেকৰ নাম ৰমেশ।
646,তুমি কি বিদ্যালয়লৈ যাও?,তেওঁলোকে কি বিদ্যালয়লৈ যাও?
646,তুমি কি বিদ্যালয়লৈ যাও?,মই কি বিদ্যালয়লৈ যাও?
646,তুমি কি বিদ্যালয়লৈ যাও?,তোমাৰ কি বিদ্যালয়লৈ যাও?
647,মৌচাকৰ মাজত মৌ থাকে।,মৌচাকৰ মাজত মৌ থাকে।
648,তুমি কি বিদ্যালয়লৈ যাও?,আপুনি কি বিদ্যালয়লৈ যাও?
648,তুমি কি বিদ্যালয়লৈ যাও?,তোমাৰ কি বিদ্যালয়লৈ যাও?
648,তুমি কি বিদ্যালয়লৈ যাও?,তেওঁলোকে কি বিদ্যালয়লৈ যাও?
649,ৰমা আৰু শ্যাম বিদ্যালয়লৈ গৈছিল।,ৰমা আৰু শ্যাম বিদ্যালয়লৈ গৈছিল।
650,ৰমা আৰু শ্যাম বিদ্যালয়লৈ গৈছিল।,ৰমা আৰু শ্যাম বিদ্যালয়লৈ গৈছিল।
651,মৌচাকৰ মাজত মৌ থাকে।,মৌচাকৰ মাজত মৌ থাকে।
652,মই বিয়লি চাহ খাব।,তোমাৰ বিয়লি চাহ খাব।
652,মই বিয়লি চাহ খাব।,তেওঁলোকে বিয়লি চাহ খাব।
652,মই বিয়লি চাহ খাব।,তেওঁ বিয়লি চাহ খাব।
653,বাপেকৰ নাম ৰমেশ।,বাপেকৰ নাম ৰমেশ।
654,আজিৰ দিনটো সুন্দৰ।,আজিৰ দিনটো সুন্দৰ।
655,আজিৰ দিনটো সুন্দৰ।,আজিৰ দিনটো সুন্দৰ।
656,আজিৰ দিনটো সুন্দৰ।,আজিৰ দিনটো সুন্দৰ।
657,ৰমা আৰু শ্যাম বিদ্যালয়লৈ গৈছিল।,ৰমা আৰু শ্যাম বিদ্যালয়লৈ গৈছিল।
658,শিলাদিত্য এটা ভাল মানুহ।,শিলাদিত্য এটা ভাল মানুহ।
659,শিলাদিত্য এটা ভাল মানুহ।,শিলাদিত্য এটা ভাল মানুহ।
660,আজিৰ দিনটো সুন্দৰ।,আজিৰ দিনটো সুন্দৰ।
661,তুমি কি বিদ্যালয়লৈ যাও?,তেওঁলোকে কি বিদ্যালয়লৈ যাও?
661,তুমি কি বিদ্যালয়লৈ যাও?,মই কি বিদ্যালয়লৈ যাও?
662,ৰমা আৰু শ্যাম বিদ্যালয়লৈ গৈছিল।,ৰমা আৰু শ্যাম বিদ্যালয়লৈ গৈছিল।
663,বাপেকৰ নাম ৰমেশ।,বাপেকৰ নাম ৰমেশ।
664,মই বিয়লি চাহ খাব।,তোমাৰ বিয়লি চাহ খাব।
664,মই বিয়লি চাহ খাব।,তুমি বিয়লি চাহ খাব।
664,মই বিয়লি চাহ খাব।,তেওঁলোকে বিয়লি চাহ খাব।
665,আজিৰ দিনটো সুন্দৰ।,আজিৰ দিনটো সুন্দৰ।
666,বাপেকৰ নাম ৰমেশ।,বাপেকৰ নাম ৰমেশ।
667,ৰমা আৰু শ্যাম বিদ্যালয়লৈ গৈছিল।,ৰমা আৰু শ্যাম বিদ্যালয়লৈ গৈছিল।
668,মই বিয়লি চাহ খাব।,তেওঁলোকে বিয়লি চাহ খাব।
668,মই বিয়লি চাহ খাব।,তুমি বিয়লি চাহ খাব।
668,মই বিয়লি চাহ খাব।,তেওঁ বিয়লি চাহ খাব।
668,মই বিয়লি চাহ খাব।,আপুনি বিয়লি চাহ খাব।
669,তুমি কি বিদ্যালয়লৈ যাও?,মই কি বিদ্যালয়লৈ যাও?
669,তুমি কি বিদ্যালয়লৈ যাও?,তোমাৰ কি বিদ্যালয়লৈ যাও?
669,তুমি কি বিদ্যালয়লৈ যাও?,তেওঁলোকে কি বিদ্যালয়লৈ যাও?
670,তুমি কি বিদ্যালয়লৈ যাও?,তেওঁ কি বিদ্যালয়লৈ যাও?
670,তুমি কি বিদ্যালয়লৈ যাও?,আপুনি কি বিদ্যালয়লৈ যাও?
671,বাপেকৰ নাম ৰমেশ।,বাপেকৰ নাম ৰমেশ।
672,শিলাদিত্য এটা ভাল মানুহ।,শিলাদিত্য এটা ভাল মানুহ।
673,আজিৰ দিনটো সুন্দৰ।,আজিৰ দিনটো সুন্দৰ।
674,আজিৰ দিনটো সুন্দৰ।,আজিৰ দিনটো সুন্দৰ।
675,আমাৰ ঘৰখন বৰ ডাঙৰ।,আমাৰ ঘৰখন বৰ ডাঙৰ।
676,শিলাদিত্য এটা ভাল মানুহ।,শিলাদিত্য এটা ভাল মানুহ।
677,মই বিয়লি চাহ খাব।,তেওঁলোকে বিয়লি চাহ খাব।
677,মই বিয়লি চাহ খাব।,তেওঁ বিয়লি চাহ খাব।
677,মই বিয়লি চাহ খাব।,তোমাৰ বিয়লি চাহ খাব।
678,তেওঁ খোৱা ধনিয়া পানীত।,আপুনি খোৱা ধনিয়া পানীত।
678,তেওঁ খোৱা ধনিয়া পানীত।,তোৰ খোৱা ধনিয়া পানীত।
678,তেওঁ খোৱা ধনিয়া পানীত।,তেওঁলোকে খোৱা ধনিয়া পানীত।
679,ৰমা আৰু শ্যাম বিদ্যালয়লৈ গৈছিল।,ৰমা আৰু শ্যাম বিদ্যালয়লৈ গৈছিল।
680,আমাৰ ঘৰখন বৰ ডাঙৰ।,আমাৰ ঘৰখন বৰ ডাঙৰ।
681,আজিৰ দিনটো সুন্দৰ।,আজিৰ দিনটো সুন্দৰ।
682,বাপেকৰ নাম ৰমেশ।,বাপেকৰ নাম ৰমেশ।
683,তুমি কি বিদ্যালয়লৈ যাও?,তেওঁ কি বিদ্যালয়লৈ যাও?
683,তুমি কি বিদ্যালয়লৈ যাও?,তেওঁলোকে কি বিদ্যালয়লৈ যাও?
683,তুমি কি বিদ্যালয়লৈ যাও?,তোমাৰ কি বিদ্যালয়লৈ যাও?
684,শিলাদিত্য এটা ভাল মানুহ।,শিলাদিত্য এটা ভাল মানুহ।
685,তুমি কি বিদ্যালয়লৈ যাও?,তোমাৰ কি বিদ্যালয়লৈ যাও?
685,তুমি কি বিদ্যালয়লৈ যাও?,মই কি বিদ্যালয়লৈ যাও?
686,বাপেকৰ নাম ৰমেশ।,বাপেকৰ নাম ৰমেশ।
687,আজিৰ দিনটো সুন্দৰ।,আজিৰ দিনটো সুন্দৰ।
688,আজিৰ দিনটো সুন্দৰ।,আজিৰ দিনটো সুন্দৰ।
689,আজিৰ দিনটো সুন্দৰ।,আজিৰ দিনটো সুন্দৰ।
690,তেওঁ খোৱা ধনিয়া পানীত।,মই খোৱা ধনিয়া পানীত।
690,তেওঁ খোৱা ধনিয়া পানীত।,তেওঁলোকে খোৱা ধনিয়া পানীত।
690,তেওঁ খোৱা ধনিয়া পানীত।,তুমি খোৱা ধনিয়া পানীত।
690,তেওঁ খোৱা ধনিয়া পানীত।,তোৰ খোৱা ধনিয়া পানীত।
691,তেওঁ খোৱা ধনিয়া পানীত।,মই খোৱা ধনিয়া পানীত।
691,তেওঁ খোৱা ধনিয়া পানীত।,তোৰ খোৱা ধনিয়া পানীত।
691,তেওঁ খোৱা ধনিয়া পানীত।,আপুনি খোৱা ধনিয়া পানীত।
691,তেওঁ খোৱা ধনিয়া পানীত।,তুমি খোৱা ধনিয়া পানীত।
692,আজিৰ দিনটো সুন্দৰ।,আজিৰ দিনটো সুন্দৰ।
693,আমাৰ ঘৰখন বৰ ডাঙৰ।,আমাৰ ঘৰখন বৰ ডাঙৰ।
694,আমাৰ ঘৰখন বৰ ডাঙৰ।,আমাৰ ঘৰখন বৰ ডাঙৰ।
695,শিলাদিত্য এটা ভাল মানুহ।,শিলাদিত্য এটা ভাল মানুহ।
696,মই বিয়লি চাহ খাব।,তোমাৰ বিয়লি চাহ খাব।
696,মই বিয়লি চাহ খাব।,তেওঁ বিয়লি চাহ খাব।
696,মই বিয়লি চাহ খাব।,তুমি বিয়লি চাহ খাব।
697,মই বিয়লি চাহ খাব।,আপুনি বিয়লি চাহ খাব।
697,মই বিয়লি চাহ খাব।,তুমি বিয়লি চাহ খাব।
697,মই বিয়লি চাহ খাব।,তেওঁলোকে বিয়লি চাহ খাব।
698,তুমি কি বিদ্যালয়লৈ যাও?,আপুনি কি বিদ্যালয়লৈ যাও?
698,তুমি কি বিদ্যালয়লৈ যাও?,মই কি বিদ্যালয়লৈ যাও?
698,তুমি কি বিদ্যালয়লৈ যাও?,তোমাৰ কি বিদ্যালয়লৈ যাও?
699,ৰমা আৰু শ্যাম বিদ্যালয়লৈ গৈছিল।,ৰমা আৰু শ্যাম বিদ্যালয়লৈ গৈছিল।
700,আমাৰ ঘৰখন বৰ ডাঙৰ।,আমাৰ ঘৰখন বৰ ডাঙৰ।
701,ৰমা আৰু শ্যাম বিদ্যালয়লৈ গৈছিল।,ৰমা আৰু শ্যাম বিদ্যালয়লৈ গৈছিল।
702,শিলাদিত্য এটা ভাল মানুহ।,শিলাদিত্য এটা ভাল মানুহ।
703,আজিৰ দিনটো সুন্দৰ।,আজিৰ দিনটো সুন্দৰ।
704,তেওঁবোৰ বাগিছাত ফুল লাগিছে।,তেওঁবোৰ বাগিছাত ফুল লাগিছে।
705,তেওঁবোৰ বাগিছাত ফুল লাগিছে।,তেওঁবোৰ বাগিছাত ফুল লাগিছে।
706,বাপেকৰ নাম ৰমেশ।,বাপেকৰ নাম ৰমেশ।
707,মৌচাকৰ মাজত মৌ থাকে।,মৌচাকৰ মাজত মৌ থাকে।
708,আজিৰ দিনটো সুন্দৰ।,আজিৰ দিনটো সুন্দৰ।
709,বাপেকৰ নাম ৰমেশ।,বাপেকৰ নাম ৰমেশ।
710,বাপেকৰ নাম ৰমেশ।,বাপেকৰ নাম ৰমেশ।
711,ৰমা আৰু শ্যাম বিদ্যালয়লৈ গৈছিল।,ৰমা আৰু শ্যাম বিদ্যালয়লৈ গৈছিল।
712,বাপেকৰ নাম ৰমেশ।,বাপেকৰ নাম ৰমেশ।
713,তুমি কি বিদ্যালয়লৈ যাও?,তেওঁলোকে কি বিদ্যালয়লৈ যাও?
713,তুমি কি বিদ্যালয়লৈ যাও?,তেওঁ কি বিদ্যালয়লৈ যাও?
713,তুমি কি বিদ্যালয়লৈ যাও?,তোমাৰ কি বিদ্যালয়লৈ যাও?
713,তুমি কি বিদ্যালয়লৈ যাও?,আপুনি কি বিদ্যালয়লৈ যাও?
714,তেওঁবোৰ বাগিছাত ফুল লাগিছে।,তেওঁবোৰ বাগিছাত ফুল লাগিছে।
715,মই বিয়লি চাহ খাব।,তেওঁলোকে বিয়লি চাহ খাব।
715,মই বিয়লি চাহ খাব।,আপুনি বিয়লি চাহ খাব।
715,মই বিয়লি চাহ খাব।,তেওঁ বিয়লি চাহ খাব।
716,শিলাদিত্য এটা ভাল মানুহ।,শিলাদিত্য এটা ভাল মানুহ।
717,তেওঁ খোৱা ধনিয়া পানীত।,তুমি খোৱা ধনিয়া পানীত।
717,তেওঁ খোৱা ধনিয়া পানীত।,তেওঁলোকে খোৱা ধনিয়া পানীত।
717,তেওঁ খোৱা ধনিয়া পানীত।,আপুনি খোৱা ধনিয়া পানীত।
718,শিলাদিত্য এটা ভাল মানুহ।,শিলাদিত্য এটা ভাল মানুহ।
719,তেওঁ খোৱা ধনিয়া পানীত।,আপুনি খোৱা ধনিয়া পানীত।
719,তেওঁ খোৱা ধনিয়া পানীত।,মই খোৱা ধনিয়া পানীত।
719,তেওঁ খোৱা ধনিয়া পানীত।,তুমি খোৱা ধনিয়া পানীত।
720,মৌচাকৰ মাজত মৌ থাকে।,মৌচাকৰ মাজত মৌ থাকে।
721,আজিৰ দিনটো সুন্দৰ।,আজিৰ দিনটো সুন্দৰ।
722,শিলাদিত্য এটা ভাল মানুহ।,শিলাদিত্য এটা ভাল মানুহ।
723,তুমি কি বিদ্যালয়লৈ যাও?,তেওঁ কি বিদ্যালয়লৈ যাও?
723,তুমি কি বিদ্যালয়লৈ যাও?,মই কি বিদ্যালয়লৈ যাও?
723,তুমি কি বিদ্যালয়লৈ যাও?,তোমাৰ কি বিদ্যালয়লৈ যাও?
724,শিলাদিত্য এটা ভাল মানুহ।,শিলাদিত্য এটা ভাল মানুহ।
725,বাপেকৰ নাম ৰমেশ।,বাপেকৰ নাম ৰমেশ।
726,তুমি কি বিদ্যালয়লৈ যাও?,তেওঁলোকে কি বিদ্যালয়লৈ যাও?
726,তুমি কি বিদ্যালয়লৈ যাও?,তোমাৰ কি বিদ্যালয়লৈ যাও?
727,ৰমা আৰু শ্যাম বিদ্যালয়লৈ গৈছিল।,ৰমা আৰু শ্যাম বিদ্যালয়লৈ গৈছিল।
728,তেওঁ খোৱা ধনিয়া পানীত।,তেওঁলোকে খোৱা ধনিয়া পানীত।
728,তেওঁ খোৱা ধনিয়া পানীত।,তোৰ খোৱা ধনিয়া পানীত।
728,তেওঁ খোৱা ধনিয়া পানীত।,তুমি খোৱা ধনিয়া পানীত।
729,শিলাদিত্য এটা ভাল মানুহ।,শিলাদিত্য এটা ভাল মানুহ।
730,আমাৰ ঘৰখন বৰ ডাঙৰ।,আমাৰ ঘৰখন বৰ ডাঙৰ।
731,তেওঁবোৰ বাগিছাত ফুল লাগিছে।,তেওঁবোৰ বাগিছাত ফুল লাগিছে।
732,আজিৰ দিনটো সুন্দৰ।,আজিৰ দিনটো সুন্দৰ।
733,আমাৰ ঘৰখন বৰ ডাঙৰ।,আমাৰ ঘৰখন বৰ ডাঙৰ।
734,মৌচাকৰ মাজত মৌ থাকে।,মৌচাকৰ মাজত মৌ থাকে।
735,আমাৰ ঘৰখন বৰ ডাঙৰ।,আমাৰ ঘৰখন বৰ ডাঙৰ।
736,তুমি কি বিদ্যালয়লৈ যাও?,তোমাৰ কি বিদ্যালয়লৈ যাও?
736,তুমি কি বিদ্যালয়লৈ যাও?,তেওঁলোকে কি বিদ্যালয়লৈ যাও?
736,তুমি কি বিদ্যালয়লৈ যাও?,তেওঁ কি বিদ্যালয়লৈ যাও?
736,তুমি কি বিদ্যালয়লৈ যাও?,মই কি বিদ্যালয়লৈ যাও?
737,ৰমা আৰু শ্যাম বিদ্যালয়লৈ গৈছিল।,ৰমা আৰু শ্যাম বিদ্যালয়লৈ গৈছিল।
738,শিলাদিত্য এটা ভাল মানুহ।,শিলাদিত্য এটা ভাল মানুহ।
739,মই বিয়লি চাহ খাব।,আপুনি বিয়লি চাহ খাব।
739,মই বিয়লি চাহ খাব।,তুমি বিয়লি চাহ খাব।
739,মই বিয়লি চাহ খাব।,তোমাৰ বিয়লি চাহ খাব।
740,শিলাদিত্য এটা ভাল মানুহ।,শিলাদিত্য এটা ভাল মানুহ।
741,তেওঁ খোৱা ধনিয়া পানীত।,তুমি খোৱা ধনিয়া পানীত।
741,তেওঁ খোৱা ধনিয়া পানীত।,আপুনি খোৱা ধনিয়া পানীত।
741,তেওঁ খোৱা ধনিয়া পানীত।,মই খোৱা ধনিয়া পানীত।
741,তেওঁ খোৱা ধনিয়া পানীত।,তেওঁলোকে খোৱা ধনিয়া পানীত।
742,আমাৰ ঘৰখন বৰ ডাঙৰ।,আমাৰ ঘৰখন বৰ ডাঙৰ।
743,বাপেকৰ নাম ৰমেশ।,বাপেকৰ নাম ৰমেশ।
744,মৌচাকৰ মাজত মৌ থাকে।,মৌচাকৰ মাজত মৌ থাকে।
745,আমাৰ ঘৰখন বৰ ডাঙৰ।,আমাৰ ঘৰখন বৰ ডাঙৰ।
746,শিলাদিত্য এটা ভাল মানুহ।,শিলাদিত্য এটা ভাল মানুহ।
747,আজিৰ দিনটো সুন্দৰ।,আজিৰ দিনটো সুন্দৰ।
748,তেওঁ খোৱা ধনিয়া পানীত।,আপুনি খোৱা ধনিয়া পানীত।
748,তেওঁ খোৱা ধনিয়া পানীত।,তোৰ খোৱা ধনিয়া পানীত।
748,তেওঁ খোৱা ধনিয়া পানীত।,তুমি খোৱা ধনিয়া পানীত।
748,তেওঁ খোৱা ধনিয়া পানীত।,মই খোৱা ধনিয়া পানীত।
749,ৰমা আৰু শ্যাম বিদ্যালয়লৈ গৈছিল।,ৰমা আৰু শ্যাম বিদ্যালয়লৈ গৈছিল।
750,তুমি কি বিদ্যালয়লৈ যাও?,মই কি বিদ্যালয়লৈ যাও?
750,তুমি কি বিদ্যালয়লৈ যাও?,তেওঁলোকে কি বিদ্যালয়লৈ যাও?
750,তুমি কি বিদ্যালয়লৈ যাও?,তোমাৰ কি বিদ্যালয়লৈ যাও?
750,তুমি কি বিদ্যালয়লৈ যাও?,তেওঁ কি বিদ্যালয়লৈ যাও?
751,আজিৰ দিনটো সুন্দৰ।,আজিৰ দিনটো সুন্দৰ।
752,তেওঁবোৰ বাগিছাত ফুল লাগিছে।,তেওঁবোৰ বাগিছাত ফুল লাগিছে।
753,আমাৰ ঘৰখন বৰ ডাঙৰ।,আমাৰ ঘৰখন বৰ ডাঙৰ।
754,তেওঁবোৰ বাগিছাত ফুল লাগিছে।,তেওঁবোৰ বাগিছাত ফুল লাগিছে।
755,তুমি কি বিদ্যালয়লৈ যাও?,আপুনি কি বিদ্যালয়লৈ যাও?
755,তুমি কি বিদ্যালয়লৈ যাও?,তেওঁলোকে কি বিদ্যালয়লৈ যাও?
755,তুমি কি বিদ্যালয়লৈ যাও?,মই কি বিদ্যালয়লৈ যাও?
755,তুমি কি বিদ্যালয়লৈ যাও?,তোমাৰ কি বিদ্যালয়লৈ যাও?
756,বাপেকৰ নাম ৰমেশ।,বাপেকৰ নাম ৰমেশ।
757,আজিৰ দিনটো সুন্দৰ।,আজিৰ দিনটো সুন্দৰ।
758,তেওঁ খোৱা ধনিয়া পানীত।,আপুনি খোৱা ধনিয়া পানীত।
758,তেওঁ খোৱা ধনিয়া পানীত।,তেওঁলোকে খোৱা ধনিয়া পানীত।
758,তেওঁ খোৱা ধনিয়া পানীত।,তুমি খোৱা ধনিয়া পানীত।
758,তেওঁ খোৱা ধনিয়া পানীত।,মই খোৱা ধনিয়া পানীত।
759,বাপেকৰ নাম ৰমেশ।,বাপেকৰ নাম ৰমেশ।
760,তেওঁ খোৱা ধনিয়া পানীত।,মই খোৱা ধনিয়া পানীত।
760,তেওঁ খোৱা ধনিয়া পানীত।,আপুনি খোৱা ধনিয়া পানীত।
761,আজিৰ দিনটো সুন্দৰ।,আজিৰ দিনটো সুন্দৰ।
762,বাপেকৰ নাম ৰমেশ।,বাপেকৰ নাম ৰমেশ।
763,তেওঁবোৰ বাগিছাত ফুল লাগিছে।,তেওঁবোৰ বাগিছাত ফুল লাগিছে।
764,বাপেকৰ নাম ৰমেশ।,বাপেকৰ নাম ৰমেশ।
765,তেওঁবোৰ বাগিছাত ফুল লাগিছে।,তেওঁবোৰ বাগিছাত ফুল লাগিছে।
766,মৌচাকৰ মাজত মৌ থাকে।,মৌচাকৰ মাজত মৌ থাকে।
767,আমাৰ ঘৰখন বৰ ডাঙৰ।,আমাৰ ঘৰখন বৰ ডাঙৰ।
768,আজিৰ দিনটো সুন্দৰ।,আজিৰ দিনটো সুন্দৰ।
769,তেওঁ খোৱা ধনিয়া পানীত।,আপুনি খোৱা ধনিয়া পানীত।
769,তেওঁ খোৱা ধনিয়া পানীত।,তেওঁলোকে খোৱা ধনিয়া পানীত।
769,তেওঁ খোৱা ধনিয়া পানীত।,তোৰ খোৱা ধনিয়া পানীত।
769,তেওঁ খোৱা ধনিয়া পানীত।,তুমি খোৱা ধনিয়া পানীত।
770,তেওঁ খোৱা ধনিয়া পানীত।,তুমি খোৱা ধনিয়া পানীত।
770,তেওঁ খোৱা ধনিয়া পানীত।,তেওঁলোকে খোৱা ধনিয়া পানীত।
770,তেওঁ খোৱা ধনিয়া পানীত।,মই খোৱা ধনিয়া পানীত।
771,মৌচাকৰ মাজত মৌ থাকে।,মৌচাকৰ মাজত মৌ থাকে।
772,বাপেকৰ নাম ৰমেশ।,বাপেকৰ নাম ৰমেশ।
773,তেওঁ খোৱা ধনিয়া পানীত।,তুমি খোৱা ধনিয়া পানীত।
773,তেওঁ খোৱা ধনিয়া পানীত।,তোৰ খোৱা ধনিয়া পানীত।
773,তেওঁ খোৱা ধনিয়া পানীত।,তেওঁলোকে খোৱা ধনিয়া পানীত।
774,বাপেকৰ নাম ৰমেশ।,বাপেকৰ নাম ৰমেশ।
775,ৰমা আৰু শ্যাম বিদ্যালয়লৈ গৈছিল।,ৰমা আৰু শ্যাম বিদ্যালয়লৈ গৈছিল।
776,তুমি কি বিদ্যালয়লৈ যাও?,আপুনি কি বিদ্যালয়লৈ যাও?
776,তুমি কি বিদ্যালয়লৈ যাও?,মই কি বিদ্যালয়লৈ যাও?
776,তুমি কি বিদ্যালয়লৈ যাও?,তেওঁলোকে কি বিদ্যালয়লৈ যাও?
777,তুমি কি বিদ্যালয়লৈ যাও?,তোমাৰ কি বিদ্যালয়লৈ যাও?
777,তুমি কি বিদ্যালয়লৈ যাও?,মই কি বিদ্যালয়লৈ যাও?
777,তুমি কি বিদ্যালয়লৈ যাও?,তেওঁলোকে কি বিদ্যালয়লৈ যাও?
778,তেওঁ খোৱা ধনিয়া পানীত।,আপুনি খোৱা ধনিয়া পানীত।
778,তেওঁ খোৱা ধনিয়া পানীত।,তোৰ খোৱা ধনিয়া পানীত।
779,বাপেকৰ নাম ৰমেশ।,বাপেকৰ নাম ৰমেশ।
780,শিলাদিত্য এটা ভাল মানুহ।,শিলাদিত্য এটা ভাল মানুহ।
781,তেওঁবোৰ বাগিছাত ফুল লাগিছে।,তেওঁবোৰ বাগিছাত ফুল লাগিছে।
782,বাপেকৰ নাম ৰমেশ।,বাপেকৰ নাম ৰমেশ।
783,তেওঁ খোৱা ধনিয়া পানীত।,মই খোৱা ধনিয়া পানীত।
783,তেওঁ খোৱা ধনিয়া পানীত।,তোৰ খোৱা ধনিয়া পানীত।
783,তেওঁ খোৱা ধনিয়া পানীত।,আপুনি খোৱা ধনিয়া পানীত।
783,তেওঁ খোৱা ধনিয়া পানীত।,তেওঁলোকে খোৱা ধনিয়া পানীত।
784,মই বিয়লি চাহ খাব।,তোমাৰ বিয়লি চাহ খাব।
784,মই বিয়লি চাহ খাব।,তুমি বিয়লি চাহ খাব।
784,মই বিয়লি চাহ খাব।,আপুনি বিয়লি চাহ খাব।
785,মৌচাকৰ মাজত মৌ থাকে।,মৌচাকৰ মাজত মৌ থাকে।
786,তুমি কি বিদ্যালয়লৈ যাও?,তেওঁ কি বিদ্যালয়লৈ যাও?
786,তুমি কি বিদ্যালয়লৈ যাও?,আপুনি কি বিদ্যালয়লৈ যাও?
786,তুমি কি বিদ্যালয়লৈ যাও?,তোমাৰ কি বিদ্যালয়লৈ যাও?
786,তুমি কি বিদ্যালয়লৈ যাও?,তেওঁলোকে কি বিদ্যালয়লৈ যাও?
787,শিলাদিত্য এটা ভাল মানুহ।,শিলাদিত্য এটা ভাল মানুহ।
788,মই বিয়লি চাহ খাব।,তেওঁ বিয়লি চাহ খাব।
788,মই বিয়লি চাহ খাব।,তেওঁলোকে বিয়লি চাহ খাব।
788,মই বিয়লি চাহ খাব।,তোমাৰ বিয়লি চাহ খাব।
789,তুমি কি বিদ্যালয়লৈ যাও?,মই কি বিদ্যালয়লৈ যাও?
789,তুমি কি বিদ্যালয়লৈ যাও?,তোমাৰ কি বিদ্যালয়লৈ যাও?
789,তুমি কি বিদ্যালয়লৈ যাও?,তেওঁলোকে কি বিদ্যালয়লৈ যাও?
790,আজিৰ দিনটো সুন্দৰ।,আজিৰ দিনটো সুন্দৰ।
791,তেওঁবোৰ বাগিছাত ফুল লাগিছে।,তেওঁবোৰ বাগিছাত ফুল লাগিছে।
792,মৌচাকৰ মাজত মৌ থাকে।,মৌচাকৰ মাজত মৌ থাকে।
793,শিলাদিত্য এটা ভাল মানুহ।,শিলাদিত্য এটা ভাল মানুহ।
794,ৰমা আৰু শ্যাম বিদ্যালয়লৈ গৈছিল।,ৰমা আৰু শ্যাম বিদ্যালয়লৈ গৈছিল।
795,তেওঁ খোৱা ধনিয়া পানীত।,আপুনি খোৱা ধনিয়া পানীত।
795,তেওঁ খোৱা ধনিয়া পানীত।,তেওঁলোকে খোৱা ধনিয়া পানীত।
795,তেওঁ খোৱা ধনিয়া পানীত।,তোৰ খোৱা ধনিয়া পানীত।
796,তেওঁ খোৱা ধনিয়া পানীত।,মই খোৱা ধনিয়া পানীত।
796,তেওঁ খোৱা ধনিয়া পানীত।,তেওঁলোকে খোৱা ধনিয়া পানীত।
796,তেওঁ খোৱা ধনিয়া পানীত।,আপুনি খোৱা ধনিয়া পানীত।
797,মৌচাকৰ মাজত মৌ থাকে।,মৌচাকৰ মাজত মৌ থাকে।
798,মৌচাকৰ মাজত মৌ থাকে।,মৌচাকৰ মাজত মৌ থাকে।
799,মৌচাকৰ মাজত মৌ থাকে।,মৌচাকৰ মাজত মৌ থাকে।
800,তুমি কি বিদ্যালয়লৈ যাও?,মই কি বিদ্যালয়লৈ যাও?
800,তুমি কি বিদ্যালয়লৈ যাও?,তেওঁ কি বিদ্যালয়লৈ যাও?
800,তুমি কি বিদ্যালয়লৈ যাও?,আপুনি কি বিদ্যালয়লৈ যাও?
801,মৌচাকৰ মাজত মৌ থাকে।,মৌচাকৰ মাজত মৌ থাকে।
802,মৌচাকৰ মাজত মৌ থাকে।,মৌচাকৰ মাজত মৌ থাকে।
803,বাপেকৰ নাম ৰমেশ।,বাপেকৰ নাম ৰমেশ।
804,বাপেকৰ নাম ৰমেশ।,বাপেকৰ নাম ৰমেশ।
805,তুমি কি বিদ্যালয়লৈ যাও?,আপুনি কি বিদ্যালয়লৈ যাও?
805,তুমি কি বিদ্যালয়লৈ যাও?,মই কি বিদ্যালয়লৈ যাও?
805,তুমি কি বিদ্যালয়লৈ যাও?,তেওঁ কি বিদ্যালয়লৈ যাও?
806,তুমি কি বিদ্যালয়লৈ যাও?,তোমাৰ কি বিদ্যালয়লৈ যাও?
806,তুমি কি বিদ্যালয়লৈ যাও?,মই কি বিদ্যালয়লৈ যাও?
806,তুমি কি বিদ্যালয়লৈ যাও?,আপুনি কি বিদ্যালয়লৈ যাও?
807,মই বিয়লি চাহ খাব।,তুমি বিয়লি চাহ খাব।
807,মই বিয়লি চাহ খাব।,আপুনি বিয়লি চাহ খাব।
807,মই বিয়লি চাহ খাব।,তোমাৰ বিয়লি চাহ খাব।
808,শিলাদিত্য এটা ভাল মানুহ।,শিলাদিত্য এটা ভাল মানুহ।
809,আমাৰ ঘৰখন বৰ ডাঙৰ।,আমাৰ ঘৰখন বৰ ডাঙৰ।
810,তেওঁবোৰ বাগিছাত ফুল লাগিছে।,তেওঁবোৰ বাগিছাত ফুল লাগিছে।
811,মৌচাকৰ মাজত মৌ থাকে।,মৌচাকৰ মাজত মৌ থাকে।
812,মই বিয়লি চাহ খাব।,আপুনি বিয়লি চাহ খাব।
812,মই বিয়লি চাহ খাব।,তেওঁলোকে বিয়লি চাহ খাব।
812,মই বিয়লি চাহ খাব।,তুমি বিয়লি চাহ খাব।
812,মই বিয়লি চাহ খাব।,তোমাৰ বিয়লি চাহ খাব।
813,মৌচাকৰ মাজত মৌ থাকে।,মৌচাকৰ মাজত মৌ থাকে।
814,মই বিয়লি চাহ খাব।,তেওঁলোকে বিয়লি চাহ খাব।
814,মই বিয়লি চাহ খাব।,তেওঁ বিয়লি চাহ খাব।
814,মই বিয়লি চাহ খাব।,তুমি বিয়লি চাহ খাব।
815,আমাৰ ঘৰখন বৰ ডাঙৰ।,আমাৰ ঘৰখন বৰ ডাঙৰ।
816,ৰমা আৰু শ্যাম বিদ্যালয়লৈ গৈছিল।,ৰমা আৰু শ্যাম বিদ্যালয়লৈ গৈছিল।
817,ৰমা আৰু শ্যাম বিদ্যালয়লৈ গৈছিল।,ৰমা আৰু শ্যাম বিদ্যালয়লৈ গৈছিল।
818,বাপেকৰ নাম ৰমেশ।,বাপেকৰ নাম ৰমেশ।
819,আজিৰ দিনটো সুন্দৰ।,আজিৰ দিনটো সুন্দৰ।
820,ৰমা আৰু শ্যাম বিদ্যালয়লৈ গৈছিল।,ৰমা আৰু শ্যাম বিদ্যালয়লৈ গৈছিল।
821,মৌচাকৰ মাজত মৌ থাকে।,মৌচাকৰ মাজত মৌ থাকে।
822,মৌচাকৰ মাজত মৌ থাকে।,মৌচাকৰ মাজত মৌ থাকে।
823,তেওঁবোৰ বাগিছাত ফুল লাগিছে।,তেওঁবোৰ বাগিছাত ফুল লাগিছে।
824,আজিৰ দিনটো সুন্দৰ।,আজিৰ দিনটো সুন্দৰ।
825,তেওঁবোৰ বাগিছাত ফুল লাগিছে।,তেওঁবোৰ বাগিছাত ফুল লাগিছে।
826,বাপেকৰ নাম ৰমেশ।,বাপেকৰ নাম ৰমেশ।
827,মই বিয়লি চাহ খাব।,তুমি বিয়লি চাহ খাব।
827,মই বিয়লি চাহ খাব।,তোমাৰ বিয়লি চাহ খাব।
827,মই বিয়লি চাহ খাব।,আপুনি বিয়লি চাহ খাব।
828,তেওঁবোৰ বাগিছাত ফুল লাগিছে।,তেওঁবোৰ বাগিছাত ফুল লাগিছে।
829,বাপেকৰ নাম ৰমেশ।,বাপেকৰ নাম ৰমেশ।
830,আমাৰ ঘৰখন বৰ ডাঙৰ।,আমাৰ ঘৰখন বৰ ডাঙৰ।
831,তেওঁবোৰ বাগিছাত ফুল লাগিছে।,তেওঁবোৰ বাগিছাত ফুল লাগিছে।
832,ৰমা আৰু শ্যাম বিদ্যালয়লৈ গৈছিল।,ৰমা আৰু শ্যাম বিদ্যালয়লৈ গৈছিল।
833,বাপেকৰ নাম ৰমেশ।,বাপেকৰ নাম ৰমেশ।
834,শিলাদিত্য এটা ভাল মানুহ।,শিলাদিত্য এটা ভাল মানুহ।
835,ৰমা আৰু শ্যাম বিদ্যালয়লৈ গৈছিল।,ৰমা আৰু শ্যাম বিদ্যালয়লৈ গৈছিল।
836,তেওঁবোৰ বাগিছাত ফুল লাগিছে।,তেওঁবোৰ বাগিছাত ফুল লাগিছে।
837,ৰমা আৰু শ্যাম বিদ্যালয়লৈ গৈছিল।,ৰমা আৰু শ্যাম বিদ্যালয়লৈ গৈছিল।
838,তেওঁ খোৱা ধনিয়া পানীত।,তেওঁলোকে খোৱা ধনিয়া পানীত।
838,তেওঁ খোৱা ধনিয়া পানীত।,তোৰ খোৱা ধনিয়া পানীত।
838,তেওঁ খোৱা ধনিয়া পানীত।,তুমি খোৱা ধনিয়া পানীত।
838,তেওঁ খোৱা ধনিয়া পানীত।,মই খোৱা ধনিয়া পানীত।
839,ৰমা আৰু শ্যাম বিদ্যালয়লৈ গৈছিল।,ৰমা আৰু শ্যাম বিদ্যালয়লৈ গৈছিল।
840,তেওঁবোৰ বাগিছাত ফুল লাগিছে।,তেওঁবোৰ বাগিছাত ফুল লাগিছে।
841,ৰমা আৰু শ্যাম বিদ্যালয়লৈ গৈছিল।,ৰমা আৰু শ্যাম বিদ্যালয়লৈ গৈছিল।
842,ৰমা আৰু শ্যাম বিদ্যালয়লৈ গৈছিল।,ৰমা আৰু শ্যাম বিদ্যালয়লৈ গৈছিল।
843,মৌচাকৰ মাজত মৌ থাকে।,মৌচাকৰ মাজত মৌ থাকে।
844,আমাৰ ঘৰখন বৰ ডাঙৰ।,আমাৰ ঘৰখন বৰ ডাঙৰ।
845,আজিৰ দিনটো সুন্দৰ।,আজিৰ দিনটো সুন্দৰ।
846,মৌচাকৰ মাজত মৌ থাকে।,মৌচাকৰ মাজত মৌ থাকে।
847,শিলাদিত্য এটা ভাল মানুহ।,শিলাদিত্য এটা ভাল মানুহ।
848,মৌচাকৰ মাজত মৌ থাকে।,মৌচাকৰ মাজত মৌ থাকে।
849,আমাৰ ঘৰখন বৰ ডাঙৰ।,আমাৰ ঘৰখন বৰ ডাঙৰ।
850,মই বিয়লি চাহ খাব।,তুমি বিয়লি চাহ খাব।
850,মই বিয়লি চাহ খাব।,তেওঁলোকে বিয়লি চাহ খাব।
850,মই বিয়লি চাহ খাব।,তেওঁ বিয়লি চাহ খাব।
851,তেওঁবোৰ বাগিছাত ফুল লাগিছে।,তেওঁবোৰ বাগিছাত ফুল লাগিছে।
852,ৰমা আৰু শ্যাম বিদ্যালয়লৈ গৈছিল।,ৰমা আৰু শ্যাম বিদ্যালয়লৈ গৈছিল।
853,বাপেকৰ নাম ৰমেশ।,বাপেকৰ নাম ৰমেশ।
854,আজিৰ দিনটো সুন্দৰ।,আজিৰ দিনটো সুন্দৰ।
855,বাপেকৰ নাম ৰমেশ।,বাপেকৰ নাম ৰমেশ।
856,তেওঁবোৰ বাগিছাত ফুল লাগিছে।,তেওঁবোৰ বাগিছাত ফুল লাগিছে।
857,মই বিয়লি চাহ খাব।,তেওঁ বিয়লি চাহ খাব।
857,মই বিয়লি চাহ খাব।,আপুনি বিয়লি চাহ খাব।
857,মই বিয়লি চাহ খাব।,তোমাৰ বিয়লি চাহ খাব।
857,মই বিয়লি চাহ খাব।,তেওঁলোকে বিয়লি চাহ খাব।
858,আমাৰ ঘৰখন বৰ ডাঙৰ।,আমাৰ ঘৰখন বৰ ডাঙৰ।
859,মই বিয়লি চাহ খাব।,তোমাৰ বিয়লি চাহ খাব।
859,মই বিয়লি চাহ খাব।,তেওঁলোকে বিয়লি চাহ খাব।
860,শিলাদিত্য এটা ভাল মানুহ।,শিলাদিত্য এটা ভাল মানুহ।
861,তেওঁবোৰ বাগিছাত ফুল লাগিছে।,তেওঁবোৰ বাগিছাত ফুল লাগিছে।
862,শিলাদিত্য এটা ভাল মানুহ।,শিলাদিত্য এটা ভাল মানুহ।
863,আমাৰ ঘৰখন বৰ ডাঙৰ।,আমাৰ ঘৰখন বৰ ডাঙৰ।
864,শিলাদিত্য এটা ভাল মানুহ।,শিলাদিত্য এটা ভাল মানুহ।
865,ৰমা আৰু শ্যাম বিদ্যালয়লৈ গৈছিল।,ৰমা আৰু শ্যাম বিদ্যালয়লৈ গৈছিল।
866,মই বিয়লি চাহ খাব।,আপুনি বিয়লি চাহ খাব।
866,মই বিয়লি চাহ খাব।,তোমাৰ বিয়লি চাহ খাব।
866,মই বিয়লি চাহ খাব।,তেওঁ বিয়লি চাহ খাব।
867,তেওঁবোৰ বাগিছাত ফুল লাগিছে।,তেওঁবোৰ বাগিছাত ফুল লাগিছে।
868,তেওঁবোৰ বাগিছাত ফুল লাগিছে।,তেওঁবোৰ বাগিছাত ফুল লাগিছে।
869,মই বিয়লি চাহ খাব।,তেওঁ বিয়লি চাহ খাব।
869,মই বিয়লি চাহ খাব।,তেওঁলোকে বিয়লি চাহ খাব।
869,মই বিয়লি চাহ খাব।,আপুনি বিয়লি চাহ খাব।
870,আজিৰ দিনটো সুন্দৰ।,আজিৰ দিনটো সুন্দৰ।
871,তেওঁ খোৱা ধনিয়া পানীত।,তোৰ খোৱা ধনিয়া পানীত।
871,তেওঁ খোৱা ধনিয়া পানীত।,তুমি খোৱা ধনিয়া পানীত।
871,তেওঁ খোৱা ধনিয়া পানীত।,তেওঁলোকে খোৱা ধনিয়া পানীত।
872,মই বিয়লি চাহ খাব।,তেওঁ বিয়লি চাহ খাব।
872,মই বিয়লি চাহ খাব।,তুমি বিয়লি চাহ খাব।
872,মই বিয়লি চাহ খাব।,তেওঁলোকে বিয়লি চাহ খাব।
872,মই বিয়লি চাহ খাব।,তোমাৰ বিয়লি চাহ খাব।
873,মই বিয়লি চাহ খাব।,তোমাৰ বিয়লি চাহ খাব।
873,মই বিয়লি চাহ খাব।,তেওঁলোকে বিয়লি চাহ খাব।
873,মই বিয়লি চাহ খাব।,আপুনি বিয়লি চাহ খাব।
873,মই বিয়লি চাহ খাব।,তুমি বিয়লি চাহ খাব।
874,বাপেকৰ নাম ৰমেশ।,বাপেকৰ নাম ৰমেশ।
875,আজিৰ দিনটো সুন্দৰ।,আজিৰ দিনটো সুন্দৰ।
876,শিলাদিত্য এটা ভাল মানুহ।,শিলাদিত্য এটা ভাল মানুহ।
877,তেওঁ খোৱা ধনিয়া পানীত।,তুমি খোৱা ধনিয়া পানীত।
877,তেওঁ খোৱা ধনিয়া পানীত।,মই খোৱা ধনিয়া পানীত।
877,তেওঁ খোৱা ধনিয়া পানীত।,তোৰ খোৱা ধনিয়া পানীত।
877,তেওঁ খোৱা ধনিয়া পানীত।,আপুনি খোৱা ধনিয়া পানীত।
878,তেওঁ খোৱা ধনিয়া পানীত।,আপুনি খোৱা ধনিয়া পানীত।
878,তেওঁ খোৱা ধনিয়া পানীত।,তুমি খোৱা ধনিয়া পানীত।
878,তেওঁ খোৱা ধনিয়া পানীত।,তোৰ খোৱা ধনিয়া পানীত।
879,ৰমা আৰু শ্যাম বিদ্যালয়লৈ গৈছিল।,ৰমা আৰু শ্যাম বিদ্যালয়লৈ গৈছিল।
880,বাপেকৰ নাম ৰমেশ।,বাপেকৰ নাম ৰমেশ।
881,শিলাদিত্য এটা ভাল মানুহ।,শিলাদিত্য এটা ভাল মানুহ।
882,মৌচাকৰ মাজত মৌ থাকে।,মৌচাকৰ মাজত মৌ থাকে।
883,মৌচাকৰ মাজত মৌ থাকে।,মৌচাকৰ মাজত মৌ থাকে।
884,তেওঁ খোৱা ধনিয়া পানীত।,মই খোৱা ধনিয়া পানীত।
884,তেওঁ খোৱা ধনিয়া পানীত।,তোৰ খোৱা ধনিয়া পানীত।
884,তেওঁ খোৱা ধনিয়া পানীত।,আপুনি খোৱা ধনিয়া পানীত।
885,মৌচাকৰ মাজত মৌ থাকে।,মৌচাকৰ মাজত মৌ থাকে।
886,তেওঁবোৰ বাগিছাত ফুল লাগিছে।,তেওঁবোৰ বাগিছাত ফুল লাগিছে।
887,মৌচাকৰ মাজত মৌ থাকে।,মৌচাকৰ মাজত মৌ থাকে।
888,তেওঁবোৰ বাগিছাত ফুল লাগিছে।,তেওঁবোৰ বাগিছাত ফুল লাগিছে।
889,তেওঁবোৰ বাগিছাত ফুল লাগিছে।,তেওঁবোৰ বাগিছাত ফুল লাগিছে।
890,আমাৰ ঘৰখন বৰ ডাঙৰ।,আমাৰ ঘৰখন বৰ ডাঙৰ।
891,তেওঁ খোৱা ধনিয়া পানীত।,আপুনি খোৱা ধনিয়া পানীত।
891,তেওঁ খোৱা ধনিয়া পানীত।,তেওঁলোকে খোৱা ধনিয়া পানীত।
891,তেওঁ খোৱা ধনিয়া পানীত।,মই খোৱা ধনিয়া পানীত।
892,বাপেকৰ নাম ৰমেশ।,বাপেকৰ নাম ৰমেশ।
893,তুমি কি বিদ্যালয়লৈ যাও?,তেওঁলোকে কি বিদ্যালয়লৈ যাও?
893,তুমি কি বিদ্যালয়লৈ যাও?,তোমাৰ কি বিদ্যালয়লৈ যাও?
893,তুমি কি বিদ্যালয়লৈ যাও?,তেওঁ কি বিদ্যালয়লৈ যাও?
893,তুমি কি বিদ্যালয়লৈ যাও?,আপুনি কি বিদ্যালয়লৈ যাও?
894,শিলাদিত্য এটা ভাল মানুহ।,শিলাদিত্য এটা ভাল মানুহ।
895,তুমি কি বিদ্যালয়লৈ যাও?,আপুনি কি বিদ্যালয়লৈ যাও?
895,তুমি কি বিদ্যালয়লৈ যাও?,তোমাৰ কি বিদ্যালয়লৈ যাও?
896,ৰমা আৰু শ্যাম বিদ্যালয়লৈ গৈছিল।,ৰমা আৰু শ্যাম বিদ্যালয়লৈ গৈছিল।
897,ৰমা আৰু শ্যাম বিদ্যালয়লৈ গৈছিল।,ৰমা আৰু শ্যাম বিদ্যালয়লৈ গৈছিল।
898,ৰমা আৰু শ্যাম বিদ্যালয়লৈ গৈছিল।,ৰমা আৰু শ্যাম বিদ্যালয়লৈ গৈছিল।
899,বাপেকৰ নাম ৰমেশ।,বাপেকৰ নাম ৰমেশ।
900,শিলাদিত্য এটা ভাল মানুহ।,শিলাদিত্য এটা ভাল মানুহ।
901,আমাৰ ঘৰখন বৰ ডাঙৰ।,আমাৰ ঘৰখন বৰ ডাঙৰ।
902,তেওঁবোৰ বাগিছাত ফুল লাগিছে।,তেওঁবোৰ বাগিছাত ফুল লাগিছে।
903,তেওঁবোৰ বাগিছাত ফুল লাগিছে।,তেওঁবোৰ বাগিছাত ফুল লাগিছে।
904,তেওঁ খোৱা ধনিয়া পানীত।,তুমি খোৱা ধনিয়া পানীত।
904,তেওঁ খোৱা ধনিয়া পানীত।,তেওঁলোকে খোৱা ধনিয়া পানীত।
904,তেওঁ খোৱা ধনিয়া পানীত।,আপুনি খোৱা ধনিয়া পানীত।
905,মই বিয়লি চাহ খাব।,তোমাৰ বিয়লি চাহ খাব।
905,মই বিয়লি চাহ খাব।,তেওঁ বিয়লি চাহ খাব।
906,মই বিয়লি চাহ খাব।,তোমাৰ বিয়লি চাহ খাব।
906,মই বিয়লি চাহ খাব।,তেওঁ বিয়লি চাহ খাব।
907,শিলাদিত্য এটা ভাল মানুহ।,শিলাদিত্য এটা ভাল মানুহ।
908,আজিৰ দিনটো সুন্দৰ।,আজিৰ দিনটো সুন্দৰ।
909,ৰমা আৰু শ্যাম বিদ্যালয়লৈ গৈছিল।,ৰমা আৰু শ্যাম বিদ্যালয়লৈ গৈছিল।
910,মৌচাকৰ মাজত মৌ থাকে।,মৌচাকৰ মাজত মৌ থাকে।
911,আমাৰ ঘৰখন বৰ ডাঙৰ।,আমাৰ ঘৰখন বৰ ডাঙৰ।
912,তেওঁ খোৱা ধনিয়া পানীত।,তুমি খোৱা ধনিয়া পানীত।
912,তেওঁ খোৱা ধনিয়া পানীত।,তেওঁলোকে খোৱা ধনিয়া পানীত।
912,তেওঁ খোৱা ধনিয়া পানীত।,আপুনি খোৱা ধনিয়া পানীত।
913,শিলাদিত্য এটা ভাল মানুহ।,শিলাদিত্য এটা ভাল মানুহ।
914,আমাৰ ঘৰখন বৰ ডাঙৰ।,আমাৰ ঘৰখন বৰ ডাঙৰ।
915,মই বিয়লি চাহ খাব।,তোমাৰ বিয়লি চাহ খাব।
915,মই বিয়লি চাহ খাব।,তেওঁলোকে বিয়লি চাহ খাব।
915,মই বিয়লি চাহ খাব।,তেওঁ বিয়লি চাহ খাব।
916,মই বিয়লি চাহ খাব।,আপুনি বিয়লি চাহ খাব।
916,মই বিয়লি চাহ খাব।,তুমি বিয়লি চাহ খাব।
916,মই বিয়লি চাহ খাব।,তেওঁলোকে বিয়লি চাহ খাব।
917,বাপেকৰ নাম ৰমেশ।,বাপেকৰ নাম ৰমেশ।
918,তুমি কি বিদ্যালয়লৈ যাও?,তেওঁ কি বিদ্যালয়লৈ যাও?
918,তুমি কি বিদ্যালয়লৈ যাও?,মই কি বিদ্যালয়লৈ যাও?
918,তুমি কি বিদ্যালয়লৈ যাও?,তোমাৰ কি বিদ্যালয়লৈ যাও?
919,মই বিয়লি চাহ খাব।,তোমাৰ বিয়লি চাহ খাব।
919,মই বিয়লি চাহ খাব।,তেওঁ বিয়লি চাহ খাব।
919,মই বিয়লি চাহ খাব।,আপুনি বিয়লি চাহ খাব।
920,আজিৰ দিনটো সুন্দৰ।,আজিৰ দিনটো সুন্দৰ।
921,তেওঁ খোৱা ধনিয়া পানীত।,তেওঁলোকে খোৱা ধনিয়া পানীত।
921,তেওঁ খোৱা ধনিয়া পানীত।,তুমি খোৱা ধনিয়া পানীত।
922,শিলাদিত্য এটা ভাল মানুহ।,শিলাদিত্য এটা ভাল মানুহ।
923,বাপেকৰ নাম ৰমেশ।,বাপেকৰ নাম ৰমেশ।
924,মই বিয়লি চাহ খাব।,তুমি বিয়লি চাহ খাব।
924,মই বিয়লি চাহ খাব।,তেওঁলোকে বিয়লি চাহ খাব।
924,মই বিয়লি চাহ খাব।,তেওঁ বিয়লি চাহ খাব।
925,তুমি কি বিদ্যালয়লৈ যাও?,তেওঁলোকে কি বিদ্যালয়লৈ যাও?
925,তুমি কি বিদ্যালয়লৈ যাও?,আপুনি কি বিদ্যালয়লৈ যাও?
926,তেওঁবোৰ বাগিছাত ফুল লাগিছে।,তেওঁবোৰ বাগিছাত ফুল লাগিছে।
927,বাপেকৰ নাম ৰমেশ।,বাপেকৰ নাম ৰমেশ।
928,তুমি কি বিদ্যালয়লৈ যাও?,তেওঁলোকে কি বিদ্যালয়লৈ যাও?
928,তুমি কি বিদ্যালয়লৈ যাও?,মই কি বিদ্যালয়লৈ যাও?
928,তুমি কি বিদ্যালয়লৈ যাও?,তোমাৰ কি বিদ্যালয়লৈ যাও?
928,তুমি কি বিদ্যালয়লৈ যাও?,আপুনি কি বিদ্যালয়লৈ যাও?
929,তুমি কি বিদ্যালয়লৈ যাও?,মই কি বিদ্যালয়লৈ যাও?
929,তুমি কি বিদ্যালয়লৈ যাও?,তেওঁলোকে কি বিদ্যালয়লৈ যাও?
929,তুমি কি বিদ্যালয়লৈ যাও?,তোমাৰ কি বিদ্যালয়লৈ যাও?
930,তেওঁবোৰ বাগিছাত ফুল লাগিছে।,তেওঁবোৰ বাগিছাত ফুল লাগিছে।
931,ৰমা আৰু শ্যাম বিদ্যালয়লৈ গৈছিল।,ৰমা আৰু শ্যাম বিদ্যালয়লৈ গৈছিল।
932,আমাৰ ঘৰখন বৰ ডাঙৰ।,আমাৰ ঘৰখন বৰ ডাঙৰ।
933,শিলাদিত্য এটা ভাল মানুহ।,শিলাদিত্য এটা ভাল মানুহ।
934,আজিৰ দিনটো সুন্দৰ।,আজিৰ দিনটো সুন্দৰ।
935,মই বিয়লি চাহ খাব।,তেওঁ বিয়লি চাহ খাব।
935,মই বিয়লি চাহ খাব।,আপুনি বিয়লি চাহ খাব।
936,মৌচাকৰ মাজত মৌ থাকে।,মৌচাকৰ মাজত মৌ থাকে।
937,শিলাদিত্য এটা ভাল মানুহ।,শিলাদিত্য এটা ভাল মানুহ।
938,তেওঁবোৰ বাগিছাত ফুল লাগিছে।,তেওঁবোৰ বাগিছাত ফুল লাগিছে।
939,তেওঁ খোৱা ধনিয়া পানীত।,তোৰ খোৱা ধনিয়া পানীত।
939,তেওঁ খোৱা ধনিয়া পানীত।,আপুনি খোৱা ধনিয়া পানীত।
939,তেওঁ খোৱা ধনিয়া পানীত।,তেওঁলোকে খোৱা ধনিয়া পানীত।
940,বাপেকৰ নাম ৰমেশ।,বাপেকৰ নাম ৰমেশ।
941,বাপেকৰ নাম ৰমেশ।,বাপেকৰ নাম ৰমেশ।
942,মই বিয়লি চাহ খাব।,তুমি বিয়লি চাহ খাব।
942,মই বিয়লি চাহ খাব।,তেওঁলোকে বিয়লি চাহ খাব।
942,মই বিয়লি চাহ খাব।,তোমাৰ বিয়লি চাহ খাব।
942,মই বিয়লি চাহ খাব।,আপুনি বিয়লি চাহ খাব।
943,তেওঁবোৰ বাগিছাত ফুল লাগিছে।,তেওঁবোৰ বাগিছাত ফুল লাগিছে।
944,ৰমা আৰু শ্যাম বিদ্যালয়লৈ গৈছিল।,ৰমা আৰু শ্যাম বিদ্যালয়লৈ গৈছিল।
945,তুমি কি বিদ্যালয়লৈ যাও?,তেওঁ কি বিদ্যালয়লৈ যাও?
945,তুমি কি বিদ্যালয়লৈ যাও?,তোমাৰ কি বিদ্যালয়লৈ যাও?
946,তুমি কি বিদ্যালয়লৈ যাও?,তেওঁ কি বিদ্যালয়লৈ যাও?
946,তুমি কি বিদ্যালয়লৈ যাও?,তোমাৰ কি বিদ্যালয়লৈ যাও?
946,তুমি কি বিদ্যালয়লৈ যাও?,তেওঁলোকে কি বিদ্যালয়লৈ যাও?
947,আজিৰ দিনটো সুন্দৰ।,আজিৰ দিনটো সুন্দৰ।
948,শিলাদিত্য এটা ভাল মানুহ।,শিলাদিত্য এটা ভাল মানুহ।
949,আজিৰ দিনটো সুন্দৰ।,আজিৰ দিনটো সুন্দৰ।
950,আজিৰ দিনটো সুন্দৰ।,আজিৰ দিনটো সুন্দৰ।
951,ৰমা আৰু শ্যাম বিদ্যালয়লৈ গৈছিল।,ৰমা আৰু শ্যাম বিদ্যালয়লৈ গৈছিল।
952,তেওঁবোৰ বাগিছাত ফুল লাগিছে।,তেওঁবোৰ বাগিছাত ফুল লাগিছে।
953,শিলাদিত্য এটা ভাল মানুহ।,শিলাদিত্য এটা ভাল মানুহ।
954,মই বিয়লি চাহ খাব।,তুমি বিয়লি চাহ খাব।
954,মই বিয়লি চাহ খাব।,তেওঁলোকে বিয়লি চাহ খাব।
954,মই বিয়লি চাহ খাব।,আপুনি বিয়লি চাহ খাব।
955,মই বিয়লি চাহ খাব।,তেওঁ বিয়লি চাহ খাব।
955,মই বিয়লি চাহ খাব।,তোমাৰ বিয়লি চাহ খাব।
955,মই বিয়লি চাহ খাব।,তেওঁলোকে বিয়লি চাহ খাব।
956,তুমি কি বিদ্যালয়লৈ যাও?,তোমাৰ কি বিদ্যালয়লৈ যাও?
956,তুমি কি বিদ্যালয়লৈ যাও?,তেওঁলোকে কি বিদ্যালয়লৈ যাও?
956,তুমি কি বিদ্যালয়লৈ যাও?,আপুনি কি বিদ্যালয়লৈ যাও?
956,তুমি কি বিদ্যালয়লৈ যাও?,মই কি বিদ্যালয়লৈ যাও?
957,তেওঁবোৰ বাগিছাত ফুল লাগিছে।,তেওঁবোৰ বাগিছাত ফুল লাগিছে।
958,বাপেকৰ নাম ৰমেশ।,বাপেকৰ নাম ৰমেশ।
959,তেওঁবোৰ বাগিছাত ফুল লাগিছে।,তেওঁবোৰ বাগিছাত ফুল লাগিছে।
960,আমাৰ ঘৰখন বৰ ডাঙৰ।,আমাৰ ঘৰখন বৰ ডাঙৰ।
961,আমাৰ ঘৰখন বৰ ডাঙৰ।,আমাৰ ঘৰখন বৰ ডাঙৰ।
962,আমাৰ ঘৰখন বৰ ডাঙৰ।,আমাৰ ঘৰখন বৰ ডাঙৰ।
963,ৰমা আৰু শ্যাম বিদ্যালয়লৈ গৈছিল।,ৰমা আৰু শ্যাম বিদ্যালয়লৈ গৈছিল।
964,মৌচাকৰ মাজত মৌ থাকে।,মৌচাকৰ মাজত মৌ থাকে।
965,তেওঁ খোৱা ধনিয়া পানীত।,তেওঁলোকে খোৱা ধনিয়া পানীত।
965,তেওঁ খোৱা ধনিয়া পানীত।,মই খোৱা ধনিয়া পানীত।
965,তেওঁ খোৱা ধনিয়া পানীত।,আপুনি খোৱা ধনিয়া পানীত।
966,মৌচাকৰ মাজত মৌ থাকে।,মৌচাকৰ মাজত মৌ থাকে।
967,মই বিয়লি চাহ খাব।,তুমি বিয়লি চাহ খাব।
967,মই বিয়লি চাহ খাব।,তেওঁলোকে বিয়লি চাহ খাব।
967,মই বিয়লি চাহ খাব।,আপুনি বিয়লি চাহ খাব।
967,মই বিয়লি চাহ খাব।,তেওঁ বিয়লি চাহ খাব।
968,মৌচাকৰ মাজত মৌ থাকে।,মৌচাকৰ মাজত মৌ থাকে।
969,তেওঁ খোৱা ধনিয়া পানীত।,মই খোৱা ধনিয়া পানীত।
969,তেওঁ খোৱা ধনিয়া পানীত।,আপুনি খোৱা ধনিয়া পানীত।
969,তেওঁ খোৱা ধনিয়া পানীত।,তেওঁলোকে খোৱা ধনিয়া পানীত।
970,ৰমা আৰু শ্যাম বিদ্যালয়লৈ গৈছিল।,ৰমা আৰু শ্যাম বিদ্যালয়লৈ গৈছিল।
971,তেওঁবোৰ বাগিছাত ফুল লাগিছে।,তেওঁবোৰ বাগিছাত ফুল লাগিছে।
972,শিলাদিত্য এটা ভাল মানুহ।,শিলাদিত্য এটা ভাল মানুহ।
973,শিলাদিত্য এটা ভাল মানুহ।,শিলাদিত্য এটা ভাল মানুহ।
974,আজিৰ দিনটো সুন্দৰ।,আজিৰ দিনটো সুন্দৰ।
975,তুমি কি বিদ্যালয়লৈ যাও?,মই কি বিদ্যালয়লৈ যাও?
975,তুমি কি বিদ্যালয়লৈ যাও?,আপুনি কি বিদ্যালয়লৈ যাও?
976,তেওঁবোৰ বাগিছাত ফুল লাগিছে।,তেওঁবোৰ বাগিছাত ফুল লাগিছে।
977,মৌচাকৰ মাজত মৌ থাকে।,মৌচাকৰ মাজত মৌ থাকে।
978,বাপেকৰ নাম ৰমেশ।,বাপেকৰ নাম ৰমেশ।
979,আমাৰ ঘৰখন বৰ ডাঙৰ।,আমাৰ ঘৰখন বৰ ডাঙৰ।
980,আজিৰ দিনটো সুন্দৰ।,আজিৰ দিনটো সুন্দৰ।
981,বাপেকৰ নাম ৰমেশ।,বাপেকৰ নাম ৰমেশ।
982,আমাৰ ঘৰখন বৰ ডাঙৰ।,আমাৰ ঘৰখন বৰ ডাঙৰ।
983,আমাৰ ঘৰখন বৰ ডাঙৰ।,আমাৰ ঘৰখন বৰ ডাঙৰ।
984,তেওঁ খোৱা ধনিয়া পানীত।,তেওঁলোকে খোৱা ধনিয়া পানীত।
984,তেওঁ খোৱা ধনিয়া পানীত।,তোৰ খোৱা ধনিয়া পানীত।
984,তেওঁ খোৱা ধনিয়া পানীত।,আপুনি খোৱা ধনিয়া পানীত।
984,তেওঁ খোৱা ধনিয়া পানীত।,তুমি খোৱা ধনিয়া পানীত।
985,তুমি কি বিদ্যালয়লৈ যাও?,আপুনি কি বিদ্যালয়লৈ যাও?
985,তুমি কি বিদ্যালয়লৈ যাও?,মই কি বিদ্যালয়লৈ যাও?
985,তুমি কি বিদ্যালয়লৈ যাও?,তোমাৰ কি বিদ্যালয়লৈ যাও?
985,তুমি কি বিদ্যালয়লৈ যাও?,তেওঁ কি বিদ্যালয়লৈ যাও?
986,শিলাদিত্য এটা ভাল মানুহ।,শিলাদিত্য এটা ভাল মানুহ।
987,আজিৰ দিনটো সুন্দৰ।,আজিৰ দিনটো সুন্দৰ।
988,মৌচাকৰ মাজত মৌ থাকে।,মৌচাকৰ মাজত মৌ থাকে।
989,শিলাদিত্য এটা ভাল মানুহ।,শিলাদিত্য এটা ভাল মানুহ।
990,আমাৰ ঘৰখন বৰ ডাঙৰ।,আমাৰ ঘৰখন বৰ ডাঙৰ।
991,মৌচাকৰ মাজত মৌ থাকে।,মৌচাকৰ মাজত মৌ থাকে।
992,তুমি কি বিদ্যালয়লৈ যাও?,তেওঁ কি বিদ্যালয়লৈ যাও?
992,তুমি কি বিদ্যালয়লৈ যাও?,তেওঁলোকে কি বিদ্যালয়লৈ যাও?
992,তুমি কি বিদ্যালয়লৈ যাও?,আপুনি কি বিদ্যালয়লৈ যাও?
993,তেওঁ খোৱা ধনিয়া পানীত।,মই খোৱা ধনিয়া পানীত।
993,তেওঁ খোৱা ধনিয়া পানীত।,তোৰ খোৱা ধনিয়া পানীত।
993,তেওঁ খোৱা ধনিয়া পানীত।,আপুনি খোৱা ধনিয়া পানীত।
994,তেওঁ খোৱা ধনিয়া পানীত।,তেওঁলোকে খোৱা ধনিয়া পানীত।
994,তেওঁ খোৱা ধনিয়া পানীত।,তোৰ খোৱা ধনিয়া পানীত।
995,আমাৰ ঘৰখন বৰ ডাঙৰ।,আমাৰ ঘৰখন বৰ ডাঙৰ।
996,বাপেকৰ নাম ৰমেশ।,বাপেকৰ নাম ৰমেশ।
997,ৰমা আৰু শ্যাম বিদ্যালয়লৈ গৈছিল।,ৰমা আৰু শ্যাম বিদ্যালয়লৈ গৈছিল।
998,তুমি কি বিদ্যালয়লৈ যাও?,তেওঁ কি বিদ্যালয়লৈ যাও?
998,তুমি কি বিদ্যালয়লৈ যাও?,মই কি বিদ্যালয়লৈ যাও?
998,তুমি কি বিদ্যালয়লৈ যাও?,তেওঁলোকে কি বিদ্যালয়লৈ যাও?
999,মই বিয়লি চাহ খাব।,তোমাৰ বিয়লি চাহ খাব।
999,মই বিয়লি চাহ খাব।,আপুনি বিয়লি চাহ খাব।
999,মই বিয়লি চাহ খাব।,তেওঁলোকে বিয়লি চাহ খাব।
1000,তুমি কি বিদ্যালয়লৈ যাও?,তেওঁলোকে কি বিদ্যালয়লৈ যাও?
1000,তুমি কি বিদ্যালয়লৈ যাও?,তেওঁ কি বিদ্যালয়লৈ যাও?
1000,তুমি কি বিদ্যালয়লৈ যাও?,আপুনি কি বিদ্যালয়লৈ যাও?
1000,তুমি কি বিদ্যালয়লৈ যাও?,তোমাৰ কি বিদ্যালয়লৈ যাও?
1001,বাপেকৰ নাম ৰমেশ।,বাপেকৰ নাম ৰমেশ।
1002,ৰমা আৰু শ্যাম বিদ্যালয়লৈ গৈছিল।,ৰমা আৰু শ্যাম বিদ্যালয়লৈ গৈছিল।
1003,আমাৰ ঘৰখন বৰ ডাঙৰ।,আমাৰ ঘৰখন বৰ ডাঙৰ।
1004,মই বিয়লি চাহ খাব।,তেওঁ বিয়লি চাহ খাব।
1004,মই বিয়লি চাহ খাব।,তুমি বিয়লি চাহ খাব।
1004,মই বিয়লি চাহ খাব।,তেওঁলোকে বিয়লি চাহ খাব।
1004,মই বিয়লি চাহ খাব।,তোমাৰ বিয়লি চাহ খাব।
